teryt_gmina,gmina_name,powiat_name,wojewodztwo_code
0608022,Abramów (2),lubartowski,06
0620012,Adamów (2),zamojski,06
0611032,Adamów (2),łukowski,06
1814022,Adamówka (2),przeworski,18
0602022,Aleksandrów (2),biłgorajski,06
1010012,Aleksandrów (2),piotrkowski,10
0401011,Aleksandrów Kujawski (1),aleksandrowski,04
0401042,Aleksandrów Kujawski (2),aleksandrowski,04
1020043,Aleksandrów Łódzki (3),zgierski,10
1203013,Alwernia (3),chrzanowski,12
1006022,Andrespol (2),łódzki,10
1218013,Andrychów (3),wadowicki,12
1416022,Andrzejewo (2),ostrowski,14
0607023,Annopol (3),kraśnicki,06
2001011,Augustów (1),augustowski,20
2001022,Augustów (2),augustowski,20
3009022,Babiak (2),kolski,30
1203022,Babice (2),chrzanowski,12
0809013,Babimost (3),zielonogórski,08
1602013,Baborów (3),głubczycki,16
1420032,Baboszewo (2),płoński,14
2606012,Baćkowice (2),opatowski,26
2012012,Bakałarzewo (2),suwalski,20
1821012,Baligród (2),leski,18
2607022,Bałtów (2),ostrowiecki,26
3206012,Banie (2),gryfiński,32
2818012,Banie Mazurskie (2),gołdapski,28
1415012,Baranowo (2),ostrołęcki,14
0614022,Baranów (2),puławski,06
1405032,Baranów (2),grodziski,14
3008012,Baranów (2),kępiński,30
1820013,Baranów Sandomierski (3),tarnobrzeski,18
2808022,Barciany (2),kętrzyński,28
0419013,Barcin (3),żniński,04
2814013,Barczewo (3),olsztyński,28
0224013,Bardo (3),ząbkowicki,02
2001032,Bargłów Kościelny (2),augustowski,20
3210013,Barlinek (3),myśliborski,32
0402062,Bartniczka (2),brodnicki,04
2801011,Bartoszyce (1),bartoszycki,28
2801032,Bartoszyce (2),bartoszycki,28
0418022,Baruchowo (2),włocławski,04
3215023,Barwice (3),szczecinecki,32
0605012,Batorz (2),janowski,06
0401052,Bądkowo (2),aleksandrowski,04
1002022,Bedlno (2),kutnowski,10
2603012,Bejsce (2),kazimierski,26
1406012,Belsk Duży (2),grójecki,14
1001011,Bełchatów (1),bełchatowski,10
1001022,Bełchatów (2),bełchatowski,10
0618022,Bełżec (2),tomaszowski,06
0609013,Bełżyce (3),lubelski,06
1817022,Besko (2),sanocki,18
2402022,Bestwina (2),bielski,24
1016022,Będków (2),tomaszowski,10
2401011,Będzin (1),będziński,24
3209012,Będzino (2),koszaliński,32
1017012,Biała (2),wieluński,10
1610013,Biała (3),prudnicki,16
2816013,Biała Piska (3),piski,28
0661011,Biała Podlaska (1),m.Biała,06
0601032,Biała Podlaska (2),bialski,06
1013023,Biała Rawska (3),rawski,10
1007013,Białaczów (2),opoczyński,10
0403012,Białe Błota (2),bydgoski,04
1810022,Białobrzegi (2),łańcucki,18
1401013,Białobrzegi (3),białobrzeski,14
3201011,Białogard (1),białogardzki,32
3201022,Białogard (2),białogardzki,32
0603022,Białopole (2),chełmski,06
3019022,Białośliwie (2),pilski,30
2005022,Białowieża (2),hajnowski,20
3215033,Biały Bór (3),szczecinecki,32
1217022,Biały Dunajec (2),tatrzański,12
2061011,Białystok (1),m.Białystok,20
1205023,Biecz (3),gorlicki,12
1429022,Bielany (2),sokołowski,14
0202011,Bielawa (1),dzierżoniowski,02
1005022,Bielawy (2),łowicki,10
3212012,Bielice (2),pyrzycki,32
2604012,Bieliny (2),kielecki,26
1419012,Bielsk (2),płocki,14
2003011,Bielsk Podlaski (1),bielski,20
2003032,Bielsk Podlaski (2),bielski,20
2461011,Bielsko-Biała (1),m.Bielsko-Biała,24
1603022,Bierawa (2),kędzierzyńsko-kozielski,16
2414011,Bieruń (1),bieruńsko-lędziński,24
0214023,Bierutów (3),oleśnicki,02
3202012,Bierzwnik (2),choszczeński,32
3209022,Biesiekierz (2),koszaliński,32
1437013,Bieżuń (3),żuromiński,14
0602011,Biłgoraj (1),biłgorajski,06
0602032,Biłgoraj (2),biłgorajski,06
1813013,Bircza (2),przemyski,18
1219012,Biskupice (2),wielicki,12
2812022,Biskupiec (2),nowomiejski,28
2814023,Biskupiec (3),olsztyński,28
0602042,Biszcza (2),biłgorajski,06
2801043,Bisztynek (3),bartoszycki,28
2404013,Blachownia (3),częstochowski,24
0803012,Bledzew (2),międzyrzecki,08
3007012,Blizanów (2),kaliski,30
2610022,Bliżyn (2),skarżyski,26
1014023,Błaszki (3),sieradzki,10
1816023,Błażowa (3),rzeszowski,18
1406022,Błędów (2),grójecki,14
1432013,Błonie (3),warszawski,14
3209033,Bobolice (3),koszaliński,32
1205033,Bobowa (3),gorlicki,12
2213042,Bobowo (2),starogardzki,22
0802022,Bobrowice (2),krośnieński,08
0408023,Bobrowniki (2),lipnowski,04
2401042,Bobrowniki (2),będziński,24
0402022,Bobrowo (2),brodnicki,04
1201011,Bochnia (1),bocheński,12
1201022,Bochnia (2),bocheński,12
2003042,Boćki (2),bielski,20
1419023,Bodzanów (2),płocki,14
2607032,Bodzechów (2),ostrowiecki,26
2604023,Bodzentyn (3),kielecki,26
0225033,Bogatynia (3),zgorzelecki,02
0801022,Bogdaniec (2),gorzowski,08
2612013,Bogoria (2),staszowski,26
1816033,Boguchwała (3),rzeszowski,18
0221011,Boguszów-Gorce (1),wałbrzyski,02
1416032,Boguty-Pianki (2),ostrowski,14
0809022,Bojadła (2),zielonogórski,08
3022013,Bojanowo (3),rawicki,30
1818022,Bojanów (2),stalowowolski,18
2414042,Bojszowy (2),bieruńsko-lędziński,24
1204012,Bolesław (2),dąbrowski,12
1212032,Bolesław (2),olkuski,12
0201011,Bolesławiec (1),bolesławiecki,02
0201022,Bolesławiec (2),bolesławiecki,02
1018013,Bolesławiec (2),wieruszowski,10
3210022,Boleszkowice (2),myśliborski,32
1015013,Bolimów (2),skierniewicki,10
0205023,Bolków (3),jaworski,02
0418032,Boniewo (2),włocławski,04
3004013,Borek Wielkopolski (3),gostyński,30
0615022,Borki (2),radzyński,06
1423012,Borkowice (2),przysuski,14
3215043,Borne Sulinowo (3),szczecinecki,32
2407022,Boronów (2),lubliniecki,24
1811022,Borowa (2),mielecki,18
1403032,Borowie (2),garwoliński,14
0217012,Borów (2),strzeliński,02
0609022,Borzechów (2),lubelski,06
1202012,Borzęcin (2),brzeski,12
2201012,Borzytuchom (2),bytowski,22
3008022,Bralin (2),kępiński,30
1602022,Branice (2),głubczycki,16
2802011,Braniewo (1),braniewski,28
2802022,Braniewo (2),braniewski,28
2003021,Brańsk (1),bielski,20
2003052,Brańsk (2),bielski,20
1435012,Brańszczyk (2),wyszkowski,14
1014032,Brąszewice (2),sieradzki,10
2403042,Brenna (2),cieszyński,24
1428022,Brochów (2),sochaczewski,14
0402011,Brodnica (1),brodnicki,04
0402032,Brodnica (2),brodnicki,04
3026012,Brodnica (2),śremski,30
0811033,Brody (2),żarski,08
2611022,Brody (2),starachowicki,26
3205012,Brojce (2),gryficki,32
1416043,Brok (3),ostrowski,14
1006032,Brójce (2),łódzki,10
1419032,Brudzeń Duży (2),płocki,14
3027022,Brudzew (2),turecki,30
2202023,Brusy (3),chojnicki,22
1421033,Brwinów (3),pruszkowski,14
1601011,Brzeg (1),brzeski,16
0222013,Brzeg Dolny (3),wołowski,02
1202023,Brzesko (3),brzeski,12
1213023,Brzeszcze (3),oświęcimski,12
0418043,Brześć Kujawski (3),włocławski,04
1021011,Brzeziny (1),brzeziński,10
1021022,Brzeziny (2),brzeziński,10
3007022,Brzeziny (2),kaliski,30
0810032,Brzeźnica (2),żagański,08
1218022,Brzeźnica (2),wadowicki,12
1014042,Brzeźnio (2),sieradzki,10
3216022,Brzeżno (2),świdwiński,32
1803023,Brzostek (3),dębicki,18
0402042,Brzozie (2),brodnicki,04
1802013,Brzozów (3),brzozowski,18
0412022,Brzuze (2),rypiński,04
1805022,Brzyska (2),jasielski,18
1003012,Buczek (2),łaski,10
2402032,Buczkowice (2),bielski,24
2819012,Budry (2),węgorzewski,28
1016032,Budziszewice (2),tomaszowski,10
1215032,Budzów (2),suski,12
3001023,Budzyń (2),chodzieski,30
3021033,Buk (3),poznański,30
0414012,Bukowiec (2),świecki,04
1217032,Bukowina Tatrzańska (2),tatrzański,12
1212011,Bukowno (1),olkuski,12
1817032,Bukowsko (2),sanocki,18
1419042,Bulkowo (2),płocki,14
1014052,Burzenin (2),sieradzki,10
2601013,Busko-Zdrój (3),buski,26
0609033,Bychawa (3),lubelski,06
1604013,Byczyna (3),kluczborski,16
0461011,Bydgoszcz (1),m.Bydgoszcz,04
1215042,Bystra-Sidzina (2),suski,12
0208063,Bystrzyca Kłodzka (3),kłodzki,02
0802032,Bytnica (2),krośnieński,08
2462011,Bytom (1),m.Bytom,24
0804023,Bytom Odrzański (3),nowosolski,08
0411022,Bytoń (2),radziejowski,04
2201023,Bytów (3),bytowski,22
2204022,Cedry Wielkie (2),gdański,22
3206023,Cedynia (3),gryfiński,32
1412043,Cegłów (2),miński,14
0416012,Cekcyn (2),tucholski,04
3007032,Ceków-Kolonia (2),kaliski,30
1417032,Celestynów (2),otwocki,14
1429032,Ceranów (2),sokołowski,14
2208032,Cewice (2),lęborski,22
1208012,Charsznica (2),miechowski,12
1005032,Chąśno (2),łowicki,10
0662011,Chełm (1),m.Chełm,06
0603032,Chełm (2),chełmski,06
2414052,Chełm Śląski (2),bieruńsko-lędziński,24
1213033,Chełmek (3),oświęcimski,12
1210022,Chełmiec (2),nowosądecki,12
0404011,Chełmno (1),chełmiński,04
0404022,Chełmno (2),chełmiński,04
0415011,Chełmża (1),toruński,04
0415022,Chełmża (2),toruński,04
2604033,Chęciny (3),kielecki,26
1430012,Chlewiska (2),szydłowiecki,14
1804032,Chłopice (2),jarosławski,18
1816042,Chmielnik (2),rzeszowski,18
2604043,Chmielnik (3),kielecki,26
2205012,Chmielno (2),kartuski,22
0418052,Choceń (2),włocławski,04
0216013,Chocianów (3),polkowicki,02
3214023,Chociwel (3),stargardzki,32
3020013,Chocz (3),pleszewski,30
2215042,Choczewo (2),wejherowski,22
0418063,Chodecz (3),włocławski,04
0612012,Chodel (2),opolski,06
3009032,Chodów (2),kolski,30
3001011,Chodzież (1),chodzieski,30
3001032,Chodzież (2),chodzieski,30
3206033,Chojna (3),gryfiński,32
2202011,Chojnice (1),chojnicki,22
2202032,Chojnice (2),chojnicki,22
0209011,Chojnów (1),legnicki,02
0209022,Chojnów (2),legnicki,02
1807012,Chorkówka (2),krośnieński,18
2002013,Choroszcz (3),białostocki,20
1422023,Chorzele (3),przasnyski,14
2463011,Chorzów (1),m.Chorzów,24
3202023,Choszczno (3),choszczeński,32
1409012,Chotcza (2),lipski,14
0408032,Chrostkowo (2),lipnowski,04
0605022,Chrzanów (2),janowski,06
1203033,Chrzanów (3),chrzanowski,12
1609012,Chrząstowice (2),opolski,16
3014012,Chrzypsko Wielkie (2),międzychodzki,30
2403052,Chybie (2),cieszyński,24
1406032,Chynów (2),grójecki,14
2407032,Ciasna (2),lubliniecki,24
2013023,Ciechanowiec (3),wysokomazowiecki,20
1402011,Ciechanów (1),ciechanowski,14
1402022,Ciechanów (2),ciechanowski,14
0405022,Ciechocin (2),golubsko-dobrzyński,04
0401021,Ciechocinek (1),aleksandrowski,04
1013032,Cielądz (2),rawski,10
1409023,Ciepielów (2),lipski,14
0224022,Ciepłowody (2),ząbkowicki,02
1809023,Cieszanów (3),lubaczowski,18
0213012,Cieszków (2),milicki,02
2403011,Cieszyn (1),cieszyński,24
1216013,Ciężkowice (3),tarnowski,12
1603032,Cisek (2),kędzierzyńsko-kozielski,16
1821022,Cisna (2),leski,18
1806012,Cmolas (2),kolbuszowski,18
0805013,Cybinka (3),słubicki,08
0610012,Cyców (2),łęczyński,06
3018012,Czajków (2),ostrzeszowski,30
3203013,Czaplinek (3),drawski,32
1801032,Czarna (2),bieszczadzki,18
1803032,Czarna (2),dębicki,18
1810032,Czarna (2),łańcucki,18
2002023,Czarna Białostocka (3),białostocki,20
2201032,Czarna Dąbrówka (2),bytowski,22
2213013,Czarna Woda (3),starogardzki,22
2203023,Czarne (3),człuchowski,22
1415022,Czarnia (2),ostrołęcki,14
3002011,Czarnków (1),czarnkowsko-trzcianecki,30
3002022,Czarnków (2),czarnkowsko-trzcianecki,30
1010022,Czarnocin (2),piotrkowski,10
2603022,Czarnocin (2),kazimierski,26
1017022,Czarnożyły (2),wieluński,10
0221042,Czarny Bór (2),wałbrzyski,02
1211033,Czarny Dunajec (2),nowotarski,12
1018022,Czastary (2),wieruszowski,10
1202033,Czchów (3),brzeski,12
2402043,Czechowice-Dziedzice (3),bielski,24
2401021,Czeladź (1),będziński,24
0615033,Czemierniki (2),radzyński,06
3011023,Czempiń (3),kościański,30
2005032,Czeremcha (2),hajnowski,20
1811032,Czermin (2),mielecki,18
3020022,Czermin (2),pleszewski,30
0223012,Czernica (2),wrocławski,02
1422032,Czernice Borowe (2),przasnyski,14
1206012,Czernichów (2),krakowski,12
2417022,Czernichów (2),żywiecki,24
3003023,Czerniejewo (3),gnieźnieński,30
1016042,Czerniewice (2),tomaszowski,10
0415032,Czernikowo (2),toruński,04
2202043,Czersk (3),chojnicki,22
0809033,Czerwieńsk (3),zielonogórski,08
1415032,Czerwin (2),ostrołęcki,14
1420043,Czerwińsk nad Wisłą (2),płoński,14
2412013,Czerwionka-Leszczyny (3),rybnicki,24
3021042,Czerwonak (2),poznański,30
1411022,Czerwonka (2),makowski,14
2464011,Częstochowa (1),m.Częstochowa,24
3217023,Człopa (3),wałecki,32
2203011,Człuchów (1),człuchowski,22
2203032,Człuchów (2),człuchowski,22
1211042,Czorsztyn (2),nowotarski,12
1414022,Czosnów (2),nowodworski,14
1819012,Czudec (2),strzyżowski,18
2005042,Czyże (2),hajnowski,20
2013033,Czyżew (3),wysokomazowiecki,20
2607043,Ćmielów (3),ostrowiecki,26
2604053,Daleszyce (3),kielecki,26
1011012,Dalików (2),poddębicki,10
3028022,Damasławek (2),wągrowiecki,30
2212022,Damnica (2),słupski,22
3213011,Darłowo (1),sławieński,32
3213032,Darłowo (2),sławieński,32
1004022,Daszyna (2),łęczycki,10
0802042,Dąbie (2),krośnieński,08
3009043,Dąbie (3),kolski,30
0409012,Dąbrowa (2),mogileński,04
1609022,Dąbrowa (2),opolski,16
2011013,Dąbrowa Białostocka (3),sokólski,20
0407022,Dąbrowa Biskupia (2),inowrocławski,04
0403022,Dąbrowa Chełmińska (2),bydgoski,04
2465011,Dąbrowa Górnicza (1),m.Dąbrowa,24
1204023,Dąbrowa Tarnowska (3),dąbrowski,12
2404022,Dąbrowa Zielona (2),częstochowski,24
1002033,Dąbrowice (2),kutnowski,10
1434052,Dąbrówka (2),wołomiński,14
2815022,Dąbrówno (2),ostródzki,28
2203043,Debrzno (3),człuchowski,22
0801032,Deszczno (2),gorzowski,08
1412052,Dębe Wielkie (2),miński,14
1803011,Dębica (1),dębicki,18
1803042,Dębica (2),dębicki,18
0616011,Dęblin (1),rycki,06
2212032,Dębnica Kaszubska (2),słupski,22
1202042,Dębno (2),brzeski,12
3210033,Dębno (3),myśliborski,32
0613012,Dębowa Kłoda (2),parczewski,06
0417022,Dębowa Łąka (2),wąbrzeski,04
1805032,Dębowiec (2),jasielski,18
2403062,Dębowiec (2),cieszyński,24
0223022,Długołęka (2),wrocławski,02
1435022,Długosiodło (2),wyszkowski,14
1008032,Dłutów (2),pabianicki,10
1021032,Dmosin (2),brzeziński,10
1209013,Dobczyce (3),myślenicki,12
0806013,Dobiegniew (3),strzelecko-drezdenecki,08
1207032,Dobra (2),limanowski,12
3027033,Dobra (3),turecki,30
3218013,Dobra (3),łobeski,32
3211012,Dobra (Szczecińska) (2),policki,32
0403032,Dobrcz (2),bydgoski,04
0411032,Dobre (2),radziejowski,04
1412063,Dobre (2),miński,14
2814033,Dobre Miasto (3),olsztyński,28
1608013,Dobrodzień (3),oleski,16
0219032,Dobromierz (2),świdnicki,02
1008042,Dobroń (2),pabianicki,10
0214032,Dobroszyce (2),oleśnicki,02
1012022,Dobryszyce (2),radomszczański,10
3214033,Dobrzany (3),stargardzki,32
1609032,Dobrzeń Wielki (2),opolski,16
3020033,Dobrzyca (3),pleszewski,30
2002032,Dobrzyniewo Duże (2),białostocki,20
0408043,Dobrzyń nad Wisłą (3),lipnowski,04
3214042,Dolice (2),stargardzki,32
3026023,Dolsk (3),śremski,30
0604022,Dołhobyczów (2),hrubieszowski,06
1426012,Domanice (2),siedlecki,14
1005042,Domaniewice (2),łowicki,10
0215022,Domaniów (2),oławski,02
1802022,Domaradz (2),brzozowski,18
1606012,Domaszowice (2),namysłowski,16
3025012,Dominowo (2),średzki,30
3021052,Dopiewo (2),poznański,30
0603042,Dorohusk (2),chełmski,06
3018022,Doruchów (2),ostrzeszowski,30
0414022,Dragacz (2),świecki,04
3202033,Drawno (3),choszczeński,32
3002032,Drawsko (2),czarnkowsko-trzcianecki,30
3203023,Drawsko Pomorskie (3),drawski,32
0601042,Drelów (2),bialski,06
0806023,Drezdenko (3),strzelecko-drezdenecki,08
1419053,Drobin (3),płocki,14
2010023,Drohiczyn (3),siemiatycki,20
1001032,Drużbice (2),bełchatowski,10
1201032,Drwinia (2),bocheński,12
1007023,Drzewica (3),opoczyński,10
0414032,Drzycim (2),świecki,04
2818022,Dubeninki (2),gołdapski,28
2005052,Dubicze Cerkiewne (2),hajnowski,20
1813023,Dubiecko (2),przemyski,18
0603052,Dubienka (2),chełmski,06
1807023,Dukla (3),krośnieński,18
3024022,Duszniki (2),szamotulski,30
0208011,Duszniki-Zdrój (1),kłodzki,02
2609022,Dwikozy (2),sandomierski,26
1802032,Dydnia (2),brzozowski,18
3208022,Dygowo (2),kołobrzeski,32
1816011,Dynów (1),rzeszowski,18
1816052,Dynów (2),rzeszowski,18
2814042,Dywity (2),olsztyński,28
2010032,Dziadkowice (2),siemiatycki,20
0214042,Dziadowa Kłoda (2),oleśnicki,02
2803011,Działdowo (1),działdowski,28
2803022,Działdowo (2),działdowski,28
2608013,Działoszyce (3),pińczowski,26
1009013,Działoszyn (3),pajęczański,10
2206022,Dziemiany (2),kościerski,22
1420052,Dzierzążnia (2),płoński,14
2216013,Dzierzgoń (3),sztumski,22
1413022,Dzierzgowo (2),mławski,14
0607032,Dzierzkowice (2),kraśnicki,06
0202021,Dzierżoniów (1),dzierżoniowski,02
0202052,Dzierżoniów (2),dzierżoniowski,02
1806062,Dzikowiec (2),kolbuszowski,18
3207013,Dziwnów (3),kamieński,32
0605032,Dzwola (2),janowski,06
2817022,Dźwierzuty (2),szczycieński,28
2861011,Elbląg (1),m.Elbląg,28
2804012,Elbląg (2),elbląski,28
2805011,Ełk (1),ełcki,28
2805022,Ełk (2),ełcki,28
0418072,Fabianki (2),włocławski,04
0606022,Fajsławice (2),krasnostawski,06
2605012,Fałków (2),konecki,26
2012022,Filipów (2),suwalski,20
0608032,Firlej (2),lubartowski,06
0602053,Frampol (3),biłgorajski,06
1813032,Fredropol (2),przemyski,18
2802033,Frombork (3),braniewski,28
1819022,Frysztak (2),strzyżowski,18
1814032,Gać (2),przeworski,18
1018032,Galewice (2),wieruszowski,10
1407012,Garbatka-Letnisko (2),kozienicki,14
0609042,Garbów (2),lubelski,06
2207022,Gardeja (2),kwidzyński,22
1403011,Garwolin (1),garwoliński,14
1403042,Garwolin (2),garwoliński,14
2412022,Gaszowice (2),rybnicki,24
1811042,Gawłuszowice (2),mielecki,18
0216022,Gaworzyce (2),polkowicki,02
1419063,Gąbin (3),płocki,14
0419023,Gąsawa (2),żniński,04
2261011,Gdańsk (1),m.Gdańsk,22
1219022,Gdów (2),wielicki,12
2262011,Gdynia (1),m.Gdynia,22
2009022,Giby (2),sejneński,20
1012032,Gidle (2),radomszczański,10
1423023,Gielniów (2),przysuski,14
2405032,Gierałtowice (2),gliwicki,24
2814052,Gietrzwałd (2),olsztyński,28
2417032,Gilowice (2),żywiecki,24
3020042,Gizałki (2),pleszewski,30
2806011,Giżycko (1),giżycki,28
2806042,Giżycko (2),giżycki,28
1402033,Glinojeck (3),ciechanowski,14
2466011,Gliwice (1),m.Gliwice,24
0203011,Głogów (1),głogowski,02
0203022,Głogów (2),głogowski,02
1816063,Głogów Małopolski (3),rzeszowski,18
1610023,Głogówek (3),prudnicki,16
1407023,Głowaczów (2),kozienicki,14
1020011,Głowno (1),zgierski,10
1020052,Głowno (2),zgierski,10
2212042,Główczyce (2),słupski,22
1602033,Głubczyce (3),głubczycki,16
1607013,Głuchołazy (3),nyski,16
1015022,Głuchów (2),skierniewicki,10
0609052,Głusk (2),lubelski,06
0221053,Głuszyca (3),wałbrzyski,02
2214023,Gniew (3),tczewski,22
2215052,Gniewino (2),wejherowski,22
0407033,Gniewkowo (3),inowrocławski,04
1407032,Gniewoszów (2),kozienicki,14
3003011,Gniezno (1),gnieźnieński,30
3003032,Gniezno (2),gnieźnieński,30
1202052,Gnojnik (2),brzeski,12
2601022,Gnojno (2),buski,26
2410012,Goczałkowice-Zdrój (2),pszczyński,24
2804022,Godkowo (2),elbląski,28
2415052,Godów (2),wodzisławski,24
1015032,Godzianów (2),skierniewicki,10
3007042,Godziesze Wielkie (2),kaliski,30
0605042,Godziszów (2),janowski,06
1605013,Gogolin (3),krapkowicki,16
3207023,Golczewo (3),kamieński,32
3204023,Goleniów (3),goleniowski,32
2403072,Goleszów (2),cieszyński,24
3010013,Golina (3),koniński,30
0405011,Golub-Dobrzyń (1),golubsko-dobrzyński,04
0405032,Golub-Dobrzyń (2),golubsko-dobrzyński,04
3028033,Gołańcz (3),wągrowiecki,30
1208022,Gołcza (2),miechowski,12
2818033,Gołdap (3),gołdapski,28
3020052,Gołuchów (2),pleszewski,30
1402042,Gołymin-Ośrodek (2),ciechanowski,14
1012042,Gomunice (2),radomszczański,10
2008013,Goniądz (3),moniecki,20
0602063,Goraj (2),biłgorajski,06
1205011,Gorlice (1),gorlicki,12
1205042,Gorlice (2),gorlicki,12
1010032,Gorzkowice (2),piotrkowski,10
0606032,Gorzków (2),krasnostawski,06
1608023,Gorzów Śląski (3),oleski,16
0861011,Gorzów Wielkopolski (1),m.Gorzów,08
1820022,Gorzyce (2),tarnobrzeski,18
2415062,Gorzyce (2),wodzisławski,24
0416022,Gostycyn (2),tucholski,04
1404011,Gostynin (1),gostyniński,14
1404022,Gostynin (2),gostyniński,14
3004023,Gostyń (3),gostyński,30
1014062,Goszczanów (2),sieradzki,10
1406042,Goszczyn (2),grójecki,14
0607042,Gościeradów (2),kraśnicki,06
3208033,Gościno (3),kołobrzeski,32
2605023,Gowarczów (2),konecki,26
1415042,Goworowo (2),ostrołęcki,14
0810011,Gozdnica (1),żagański,08
1427022,Gozdowo (2),sierpecki,14
0204013,Góra (3),górowski,02
1418013,Góra Kalwaria (3),piaseczyński,14
1004032,Góra Świętej Małgorzaty (2),łęczycki,10
2604062,Górno (2),kielecki,26
2801021,Górowo Iławeckie (1),bartoszycki,28
2801052,Górowo Iławeckie (2),bartoszycki,28
1403052,Górzno (2),garwoliński,14
0402053,Górzno (3),brodnicki,04
0805022,Górzyca (2),słubicki,08
1425022,Gózd (2),radomski,14
1010042,Grabica (2),piotrkowski,10
0620022,Grabowiec (2),zamojski,06
2006022,Grabowo (2),kolneński,20
1004043,Grabów (2),łęczycki,10
1407042,Grabów nad Pilicą (2),kozienicki,14
3018033,Grabów nad Prosną (3),ostrzeszowski,30
2002162,Grabówka (2),białostocki,20
2004011,Grajewo (1),grajewski,20
2004022,Grajewo (2),grajewski,20
3005012,Granowo (2),grodziski,30
1433022,Grębków (2),węgrowski,14
0216032,Grębocice (2),polkowicki,02
1204032,Gręboszów (2),dąbrowski,12
1820032,Grębów (2),tarnobrzeski,18
1601033,Grodków (3),brzeski,16
2812032,Grodziczno (2),nowomiejski,28
3010022,Grodziec (2),koniński,30
2010042,Grodzisk (2),siemiatycki,20
1405043,Grodzisk Mazowiecki (3),grodziski,14
3005023,Grodzisk Wielkopolski (3),grodziski,30
1808022,Grodzisko Dolne (2),leżajski,18
0201032,Gromadka (2),bolesławiecki,02
1216022,Gromnik (2),tarnowski,12
2804032,Gronowo Elbląskie (2),elbląski,28
2002042,Gródek (2),białostocki,20
1210032,Gródek nad Dunajcem (2),nowosądecki,12
1406053,Grójec (3),grójecki,14
1402052,Grudusk (2),ciechanowski,14
0462011,Grudziądz (1),m.Grudziądz,04
0406012,Grudziądz (2),grudziądzki,04
2815032,Grunwald (2),ostródzki,28
0406022,Gruta (2),grudziądzki,04
1210011,Grybów (1),nowosądecki,12
1210042,Grybów (2),nowosądecki,12
3205023,Gryfice (3),gryficki,32
3206043,Gryfino (3),gryfiński,32
0212013,Gryfów Śląski (3),lwówecki,02
3009052,Grzegorzew (2),kolski,30
3215052,Grzmiąca (2),szczecinecki,32
0802011,Gubin (1),krośnieński,08
0802052,Gubin (2),krośnieński,08
1424012,Gzy (2),pułtuski,14
1802042,Haczów (2),brzozowski,18
2005011,Hajnówka (1),hajnowski,20
2005062,Hajnówka (2),hajnowski,20
1412073,Halinów (3),miński,14
0619022,Hanna (2),włodawski,06
0619032,Hańsk (2),włodawski,06
1812012,Harasiuki (2),niżański,18
2403082,Hażlach (2),cieszyński,24
2211011,Hel (1),pucki,22
2407042,Herby (2),lubliniecki,24
0604032,Horodło (2),hrubieszowski,06
1809032,Horyniec-Zdrój (2),lubaczowski,18
0604011,Hrubieszów (1),hrubieszowski,06
0604042,Hrubieszów (2),hrubieszowski,06
1410012,Huszlew (2),łosicki,14
1816072,Hyżne (2),rzeszowski,18
1206022,Igołomia-Wawrzeńczyce (2),krakowski,12
2807011,Iława (1),iławski,28
2807032,Iława (2),iławski,28
0810043,Iłowa (3),żagański,08
2803032,Iłowo-Osada (2),działdowski,28
1428032,Iłów (2),sochaczewski,14
1425033,Iłża (3),radomski,14
2414021,Imielin (1),bieruńsko-lędziński,24
2602012,Imielno (2),jędrzejowski,26
1016053,Inowłódz (2),tomaszowski,10
0407011,Inowrocław (1),inowrocławski,04
0407042,Inowrocław (2),inowrocławski,04
3214053,Ińsko (3),stargardzki,32
2416032,Irządze (2),zawierciański,24
2403092,Istebna (2),cieszyński,24
2606023,Iwaniska (2),opatowski,26
1206032,Iwanowice (2),krakowski,12
1815012,Iwierzyce (2),ropczycko-sędziszowski,18
1202062,Iwkowa (2),brzeski,12
1807033,Iwonicz-Zdrój (3),krośnieński,18
1432022,Izabelin (2),warszawski,14
0606043,Izbica (2),krasnostawski,06
0418083,Izbica Kujawska (3),włocławski,04
1611012,Izbicko (2),strzelecki,16
1211052,Jabłonka (2),nowotarski,12
0609062,Jabłonna (2),lubelski,06
1408022,Jabłonna (2),legionowski,14
1429042,Jabłonna Lacka (2),sokołowski,14
0402073,Jabłonowo Pomorskie (3),brodnicki,04
0613022,Jabłoń (2),parczewski,06
1434063,Jadów (2),wołomiński,14
1405052,Jaktorów (2),grodziski,14
1412082,Jakubów (2),miński,14
0407053,Janikowo (3),inowrocławski,04
0206052,Janowice Wielkie (2),karkonoski,02
0614032,Janowiec (2),puławski,06
2811012,Janowiec Kościelny (2),nidzicki,28
0419033,Janowiec Wielkopolski (3),żniński,04
2811022,Janowo (2),nidzicki,28
2404032,Janów (2),częstochowski,24
2011022,Janów (2),sokólski,20
0605053,Janów Lubelski (3),janowski,06
0601052,Janów Podlaski (2),bialski,06
3006013,Jaraczewo (3),jarociński,30
0618032,Jarczów (2),tomaszowski,06
1812022,Jarocin (2),niżański,18
3006023,Jarocin (3),jarociński,30
1804011,Jarosław (1),jarosławski,18
1804042,Jarosław (2),jarosławski,18
2402052,Jasienica (2),bielski,24
1802052,Jasienica Rosielna (2),brzozowski,18
1406062,Jasieniec (2),grójecki,14
0811043,Jasień (3),żarski,08
2008022,Jasionówka (2),moniecki,20
1805011,Jasło (1),jasielski,18
1805042,Jasło (2),jasielski,18
2211023,Jastarnia (3),pucki,22
0609072,Jastków (2),lubelski,06
3031023,Jastrowie (3),złotowski,30
1430023,Jastrząb (2),szydłowiecki,14
1425042,Jastrzębia (2),radomski,14
2467011,Jastrzębie-Zdrój (1),m.Jastrzębie-Zdrój,24
1807102,Jaśliska (2),krośnieński,18
2008032,Jaświły (2),moniecki,20
0205011,Jawor (1),jaworski,02
1814043,Jawornik Polski (2),przeworski,18
2402062,Jaworze (2),bielski,24
2468011,Jaworzno (1),m.Jaworzno,24
0219043,Jaworzyna Śląska (3),świdnicki,02
1807043,Jedlicze (3),krośnieński,18
0221021,Jedlina-Zdrój (1),wałbrzyski,02
1425052,Jedlińsk (2),radomski,14
1425063,Jedlnia-Letnisko (2),radomski,14
1422042,Jednorożec (2),przasnyski,14
2007013,Jedwabne (3),łomżyński,20
2817032,Jedwabno (2),szczycieński,28
2412032,Jejkowice (2),rybnicki,24
0215033,Jelcz-Laskowice (3),oławski,02
0261011,Jelenia Góra (1),m.Jelenia,02
2012032,Jeleniewo (2),suwalski,20
2417042,Jeleśnia (2),żywiecki,24
1611022,Jemielnica (2),strzelecki,16
0204022,Jemielno (2),górowski,02
0203032,Jerzmanowa (2),głogowski,02
1206042,Jerzmanowice-Przeginia (2),krakowski,12
0409022,Jeziora Wielkie (2),mogileński,04
2814063,Jeziorany (3),olsztyński,28
0608042,Jeziorzany (2),lubartowski,06
0414042,Jeżewo (2),świecki,04
1812032,Jeżowe (2),niżański,18
1021043,Jeżów (2),brzeziński,10
0206062,Jeżów Sudecki (2),karkonoski,02
2602023,Jędrzejów (3),jędrzejowski,26
1803052,Jodłowa (2),dębicki,18
1207042,Jodłownik (2),limanowski,12
1420062,Joniec (2),płoński,14
2814072,Jonkowo (2),olsztyński,28
1215011,Jordanów (1),suski,12
1215052,Jordanów (2),suski,12
0223032,Jordanów Śląski (2),wrocławski,02
1417011,Józefów (1),otwocki,14
0602073,Józefów (3),biłgorajski,06
0612023,Józefów nad Wisłą (3),opolski,06
2002052,Juchnowiec Kościelny (2),białostocki,20
3022023,Jutrosin (3),rawicki,30
3019033,Kaczory (2),pilski,30
1415052,Kadzidło (2),ostrołęcki,14
2413011,Kalety (1),tarnogórski,24
2805032,Kalinowo (2),ełcki,28
2213052,Kaliska (2),starogardzki,22
3061011,Kalisz (1),m.Kalisz,30
3203033,Kalisz Pomorski (3),drawski,32
1218033,Kalwaria Zebrzydowska (3),wadowicki,12
1412093,Kałuszyn (3),miński,14
1207052,Kamienica (2),limanowski,12
2404042,Kamienica Polska (2),częstochowski,24
3005032,Kamieniec (2),grodziski,30
0224033,Kamieniec Ząbkowicki (2),ząbkowicki,02
0207011,Kamienna Góra (1),kamiennogórski,02
0207022,Kamienna Góra (2),kamiennogórski,02
1607022,Kamiennik (2),nyski,16
0603062,Kamień (2),chełmski,06
1816082,Kamień (2),rzeszowski,18
0413013,Kamień Krajeński (3),sępoleński,04
3207033,Kamień Pomorski (3),kamieński,32
1012053,Kamieńsk (3),radomszczański,10
0608053,Kamionka (2),lubartowski,06
1210052,Kamionka Wielka (2),nowosądecki,12
1432032,Kampinos (2),warszawski,14
1814053,Kańczuga (3),przeworski,18
1417043,Karczew (3),otwocki,14
0612032,Karczmiska (2),opolski,06
0809043,Kargowa (3),zielonogórski,08
3201033,Karlino (3),białogardzki,32
3205032,Karnice (2),gryficki,32
1411032,Karniewo (2),makowski,14
0206011,Karpacz (1),karkonoski,02
2206032,Karsin (2),kościerski,22
2205023,Kartuzy (3),kartuski,22
2469011,Katowice (1),m.Katowice,24
3027042,Kawęczyn (2),turecki,30
1436013,Kazanów (2),zwoleński,14
3010032,Kazimierz Biskupi (2),koniński,30
0614043,Kazimierz Dolny (3),puławski,06
2603033,Kazimierza Wielka (3),kazimierski,26
3024032,Kaźmierz (2),szamotulski,30
0615042,Kąkolewnica (2),radzyński,06
0223043,Kąty Wrocławskie (3),wrocławski,02
0410013,Kcynia (3),nakielski,04
1603011,Kędzierzyn-Koźle (1),kędzierzyńsko-kozielski,16
2212053,Kępice (3),słupski,22
3008033,Kępno (3),kępiński,30
0416032,Kęsowo (2),tucholski,04
2808011,Kętrzyn (1),kętrzyński,28
2808032,Kętrzyn (2),kętrzyński,28
1213043,Kęty (3),oświęcimski,12
2661011,Kielce (1),m.Kielce,26
1009022,Kiełczygłów (2),pajęczański,10
1005053,Kiernozia (2),łowicki,10
1602043,Kietrz (3),głubczycki,16
2608022,Kije (2),pińczowski,26
0404032,Kijewo Królewskie (2),chełmiński,04
0408053,Kikół (2),lipnowski,04
2807043,Kisielice (3),iławski,28
3003042,Kiszkowo (2),gnieźnieński,30
2809022,Kiwity (2),lidzbarski,28
3010043,Kleczew (3),koniński,30
1434072,Klembów (2),wołomiński,14
2005073,Kleszczele (3),hajnowski,20
3021062,Kleszczewo (2),poznański,30
1001042,Kleszczów (2),bełchatowski,10
2609033,Klimontów (2),sandomierski,26
1014072,Klonowa (2),sieradzki,10
1604023,Kluczbork (3),kluczborski,16
1212042,Klucze (2),olkuski,12
2613012,Kluczewsko (2),włoszczowski,26
1001052,Kluki (2),bełchatowski,10
2013042,Klukowo (2),wysokomazowiecki,20
1423032,Klwów (2),przysuski,14
1219032,Kłaj (2),wielicki,12
3003053,Kłecko (3),gnieźnieński,30
2406013,Kłobuck (3),kłobucki,24
0616022,Kłoczew (2),rycki,06
0801042,Kłodawa (2),gorzowski,08
3009063,Kłodawa (3),kolski,30
0208021,Kłodzko (1),kłodzki,02
0208072,Kłodzko (2),kłodzki,02
2404052,Kłomnice (2),częstochowski,24
2405011,Knurów (1),gliwicki,24
2008043,Knyszyn (3),moniecki,20
1012062,Kobiele Wielkie (2),radomszczański,10
0223052,Kobierzyce (2),wrocławski,02
2410022,Kobiór (2),pszczyński,24
3018042,Kobyla Góra (2),ostrzeszowski,30
3214062,Kobylanka (2),stargardzki,32
3012023,Kobylin (3),krotoszyński,30
2013052,Kobylin-Borzymy (2),wysokomazowiecki,20
2212063,Kobylnica (2),słupski,22
1434011,Kobyłka (1),wołomiński,14
2407052,Kochanowice (2),lubliniecki,24
1005062,Kocierzew Południowy (2),łowicki,10
0608063,Kock (3),lubartowski,06
1206052,Kocmyrzów-Luborzyca (2),krakowski,12
2203052,Koczała (2),człuchowski,22
0601062,Kodeń (2),bialski,06
1012072,Kodrąb (2),radomszczański,10
2204032,Kolbudy (2),gdański,22
1806023,Kolbuszowa (3),kolbuszowski,18
2006011,Kolno (1),kolneński,20
2006032,Kolno (2),kolneński,20
2814082,Kolno (2),olsztyński,28
1611033,Kolonowskie (3),strzelecki,16
0804032,Kolsko (2),nowosolski,08
1006073,Koluszki (3),łódzki,10
3030012,Kołaczkowo (2),wrzesiński,30
1805053,Kołaczyce (3),jasielski,18
2014022,Kołaki Kościelne (2),zambrowski,20
3211022,Kołbaskowo (2),policki,32
1417052,Kołbiel (2),otwocki,14
2201042,Kołczygłowy (2),bytowski,22
3009011,Koło (1),kolski,30
3009072,Koło (2),kolski,30
3208011,Kołobrzeg (1),kołobrzeski,32
3208042,Kołobrzeg (2),kołobrzeski,32
1817042,Komańcza (2),sanocki,18
0615052,Komarówka Podlaska (2),radzyński,06
0620032,Komarów-Osada (2),zamojski,06
3021072,Komorniki (2),poznański,30
1609042,Komprachcice (2),opolski,16
2202052,Konarzyny (2),chojnicki,22
0217022,Kondratowice (2),strzeliński,02
0401062,Koneck (2),aleksandrowski,04
2404063,Koniecpol (3),częstochowski,24
3062011,Konin (1),m.Konin,30
1214012,Koniusza (2),proszowicki,12
2404072,Konopiska (2),częstochowski,24
0609082,Konopnica (2),lubelski,06
1017032,Konopnica (2),wieluński,10
1418023,Konstancin-Jeziorna (3),piaseczyński,14
0601072,Konstantynów (2),bialski,06
1008011,Konstantynów Łódzki (1),pabianicki,10
2605033,Końskie (3),konecki,26
0614053,Końskowola (2),puławski,06
2609043,Koprzywnica (3),sandomierski,26
1426022,Korczew (2),siedlecki,14
1807052,Korczyna (2),krośnieński,18
1607033,Korfantów (3),nyski,16
2411022,Kornowac (2),raciborski,24
0403043,Koronowo (3),bydgoski,04
2808043,Korsze (3),kętrzyński,28
2011032,Korycin (2),sokólski,20
1433032,Korytnica (2),węgrowski,14
1210062,Korzenna (2),nowosądecki,12
2211052,Kosakowo (2),pucki,22
1429053,Kosów Lacki (3),sokołowski,14
0218012,Kostomłoty (2),średzki,02
3021083,Kostrzyn (3),poznański,30
0801011,Kostrzyn nad Odrą (1),gorzowski,08
3261011,Koszalin (1),m.Koszalin,32
2417052,Koszarawa (2),żywiecki,24
2407062,Koszęcin (2),lubliniecki,24
1214023,Koszyce (3),proszowicki,12
3011011,Kościan (1),kościański,30
3011032,Kościan (2),kościański,30
3009082,Kościelec (2),kolski,30
1217042,Kościelisko (2),tatrzański,12
2206011,Kościerzyna (1),kościerski,22
2206042,Kościerzyna (2),kościerski,22
0203042,Kotla (2),głogowski,02
3006032,Kotlin (2),jarociński,30
1426032,Kotuń (2),siedlecki,14
0418011,Kowal (1),włocławski,04
0418092,Kowal (2),włocławski,04
1425072,Kowala (2),radomski,14
2813032,Kowale Oleckie (2),olecki,28
0405043,Kowalewo Pomorskie (3),golubsko-dobrzyński,04
0206021,Kowary (1),karkonoski,02
1015042,Kowiesy (2),skierniewicki,10
2409023,Koziegłowy (3),myszkowski,24
3212022,Kozielice (2),pyrzycki,32
1407053,Kozienice (3),kozienicki,14
2811032,Kozłowo (2),nidzicki,28
1208032,Kozłów (2),miechowski,12
2402072,Kozy (2),bielski,24
3012033,Koźmin Wielkopolski (3),krotoszyński,30
3007053,Koźminek (2),kaliski,30
0804043,Kożuchów (3),nowosolski,08
3021093,Kórnik (3),poznański,30
3031033,Krajenka (3),złotowski,30
1261011,Kraków (1),m.Kraków,12
3010052,Kramsk (2),koniński,30
1605023,Krapkowice (3),krapkowicki,16
1813042,Krasiczyn (2),przemyski,18
1422052,Krasne (2),przasnyski,14
1816092,Krasne (2),rzeszowski,18
0620043,Krasnobród (3),zamojski,06
2009032,Krasnopol (2),sejneński,20
1411042,Krasnosielc (2),makowski,14
0606011,Krasnystaw (1),krasnostawski,06
0606052,Krasnystaw (2),krasnostawski,06
2613022,Krasocin (2),włoszczowski,26
3018052,Kraszewice (2),ostrzeszowski,30
0606062,Kraśniczyn (2),krasnostawski,06
0607011,Kraśnik (1),kraśnicki,06
0607052,Kraśnik (2),kraśnicki,06
1805062,Krempna (2),jasielski,18
3004033,Krobia (3),gostyński,30
2416042,Kroczyce (2),zawierciański,24
2211062,Krokowa (2),pucki,22
1861011,Krosno (1),m.Krosno,18
0802063,Krosno Odrzańskie (3),krośnieński,08
1211062,Krościenko nad Dunajcem (2),nowotarski,12
1807062,Krościenko Wyżne (2),krośnieński,18
0213022,Krośnice (2),milicki,02
1002043,Krośniewice (3),kutnowski,10
0209032,Krotoszyce (2),legnicki,02
3012043,Krotoszyn (3),krotoszyński,30
2806052,Kruklanki (2),giżycki,28
2413052,Krupski Młyn (2),tarnogórski,24
0407063,Kruszwica (3),inowrocławski,04
2404082,Kruszyna (2),częstochowski,24
2210011,Krynica Morska (1),nowodworski,22
1210073,Krynica-Zdrój (3),nowosądecki,12
0618042,Krynice (2),tomaszowski,06
2011043,Krynki (3),sokólski,20
2008052,Krypno (2),moniecki,20
2411033,Krzanowice (3),raciborski,24
0609092,Krzczonów (2),lubelski,06
3013012,Krzemieniewo (2),leszczyński,30
2406023,Krzepice (3),kłobucki,24
1206063,Krzeszowice (3),krakowski,12
1812042,Krzeszów (2),niżański,18
0807012,Krzeszyce (2),sulęciński,08
3202042,Krzęcin (2),choszczeński,32
3025022,Krzykosy (2),średzki,30
3010062,Krzymów (2),koniński,30
1422062,Krzynowłoga Mała (2),przasnyski,14
1813052,Krzywcza (2),przemyski,18
0611042,Krzywda (2),łukowski,06
3011043,Krzywiń (3),kościański,30
3002043,Krzyż Wielkopolski (3),czarnkowsko-trzcianecki,30
2411042,Krzyżanowice (2),raciborski,24
1002052,Krzyżanów (2),kutnowski,10
1008052,Ksawerów (2),pabianicki,10
1208043,Książ Wielki (2),miechowski,12
3026033,Książ Wielkopolski (3),śremski,30
0417032,Książki (2),wąbrzeski,04
0602082,Księżpol (2),biłgorajski,06
1437022,Kuczbork-Osada (2),żuromiński,14
0208031,Kudowa-Zdrój (1),kłodzki,02
2013062,Kulesze Kościelne (2),wysokomazowiecki,20
0209042,Kunice (2),legnicki,02
2607053,Kunów (3),ostrowiecki,26
0614063,Kurów (2),puławski,06
1808032,Kuryłówka (2),leżajski,18
2812042,Kurzętnik (2),nowomiejski,28
3015012,Kuślin (2),nowotomyski,30
1002011,Kutno (1),kutnowski,10
1002062,Kutno (2),kutnowski,10
2411053,Kuźnia Raciborska (3),raciborski,24
2011052,Kuźnica (2),sokólski,20
2207011,Kwidzyn (1),kwidzyński,22
2207032,Kwidzyn (2),kwidzyński,22
3014022,Kwilcz (2),międzychodzki,30
1218042,Lanckorona (2),wadowicki,12
1207062,Laskowa (2),limanowski,12
1604032,Lasowice Wielkie (2),kluczborski,16
1804052,Laszki (2),jarosławski,18
1412103,Latowicz (2),miński,14
3023022,Lądek (2),słupecki,30
0208083,Lądek-Zdrój (3),kłodzki,02
1408011,Legionowo (1),legionowski,14
0262011,Legnica (1),m.Legnica,02
0209052,Legnickie Pole (2),legnicki,02
1415062,Lelis (2),ostrołęcki,14
2802042,Lelkowo (2),braniewski,28
2404092,Lelów (2),częstochowski,24
1414032,Leoncin (2),nowodworski,14
1821033,Lesko (3),leski,18
3063011,Leszno (1),m.Leszno,30
1432042,Leszno (2),warszawski,14
1418032,Lesznowola (2),piaseczyński,14
0210033,Leśna (3),lubański,02
0601082,Leśna Podlaska (2),bialski,06
1611043,Leśnica (3),strzelecki,16
0603072,Leśniowice (2),chełmski,06
1601043,Lewin Brzeski (3),brzeski,16
0208092,Lewin Kłodzki (2),kłodzki,02
1808011,Leżajsk (1),leżajski,18
1808042,Leżajsk (2),leżajski,18
2208011,Lębork (1),lęborski,22
2414031,Lędziny (1),bieruńsko-lędziński,24
1012082,Lgota Wielka (2),radomszczański,10
1203043,Libiąż (3),chrzanowski,12
2209032,Lichnowy (2),malborski,22
2803043,Lidzbark (3),działdowski,28
2809011,Lidzbark Warmiński (1),lidzbarski,28
2809032,Lidzbark Warmiński (2),lidzbarski,28
1207011,Limanowa (1),limanowski,12
1207072,Limanowa (2),limanowski,12
2215062,Linia (2),wejherowski,22
2206052,Liniewo (2),kościerski,22
1015052,Lipce Reymontowskie (2),skierniewicki,10
3212033,Lipiany (3),pyrzycki,32
2406032,Lipie (2),kłobucki,24
1205052,Lipinki (2),gorlicki,12
0811052,Lipinki Łużyckie (2),żarski,08
3031042,Lipka (2),złotowski,30
2201052,Lipnica (2),bytowski,22
1201042,Lipnica Murowana (2),bocheński,12
1211072,Lipnica Wielka (2),nowotarski,12
2606032,Lipnik (2),opatowski,26
0408011,Lipno (1),lipnowski,04
0408062,Lipno (2),lipnowski,04
3013022,Lipno (2),leszczyński,30
2417062,Lipowa (2),żywiecki,24
1413032,Lipowiec Kościelny (2),mławski,14
2001043,Lipsk (3),augustowski,20
1409033,Lipsko (3),lipski,14
2206062,Lipusz (2),kościerski,22
0404042,Lisewo (2),chełmiński,04
1216032,Lisia Góra (2),tarnowski,12
3007062,Lisków (2),kaliski,30
1206072,Liszki (2),krakowski,12
1433042,Liw (2),węgrowski,14
0414052,Lniano (2),świecki,04
1809011,Lubaczów (1),lubaczowski,18
1809042,Lubaczów (2),lubaczowski,18
0418102,Lubanie (2),włocławski,04
0210011,Lubań (1),lubański,02
0210042,Lubań (2),lubański,02
0608011,Lubartów (1),lubartowski,06
0608072,Lubartów (2),lubartowski,06
3002052,Lubasz (2),czarnkowsko-trzcianecki,30
2807021,Lubawa (1),iławski,28
2807052,Lubawa (2),iławski,28
0207033,Lubawka (3),kamiennogórski,02
1816102,Lubenia (2),rzeszowski,18
2213062,Lubichowo (2),starogardzki,22
0415042,Lubicz (2),toruński,04
1209022,Lubień (2),myślenicki,12
0418113,Lubień Kujawski (3),włocławski,04
0416042,Lubiewo (2),tucholski,04
0211011,Lubin (1),lubiński,02
0211022,Lubin (2),lubiński,02
0801052,Lubiszyn (2),gorzowski,08
0663011,Lublin (1),m.Lublin,06
2407011,Lubliniec (1),lubliniecki,24
0807023,Lubniewice (3),sulęciński,08
1016062,Lubochnia (2),tomaszowski,10
2415072,Lubomia (2),wodzisławski,24
0212023,Lubomierz (3),lwówecki,02
2809042,Lubomino (2),lidzbarski,28
3021011,Luboń (1),poznański,30
1437033,Lubowidz (3),żuromiński,14
0418123,Lubraniec (3),włocławski,04
0808012,Lubrza (2),świebodziński,08
1610032,Lubrza (2),prudnicki,16
0811063,Lubsko (3),żarski,08
1601052,Lubsza (2),brzeski,16
0618053,Lubycza Królewska (3),tomaszowski,06
0610022,Ludwin (2),łęczyński,06
1437042,Lutocin (2),żuromiński,14
1008063,Lutomiersk (2),pabianicki,10
1801052,Lutowiska (2),bieszczadzki,18
1018043,Lututów (2),wieruszowski,10
2215072,Luzino (2),wejherowski,22
3015023,Lwówek (3),nowotomyski,30
0212033,Lwówek Śląski (3),lwówecki,02
2412042,Lyski (2),rybnicki,24
0419043,Łabiszyn (3),żniński,04
1210082,Łabowa (2),nowosądecki,12
0620052,Łabunie (2),zamojski,06
1012092,Ładzice (2),radomszczański,10
0202062,Łagiewniki (2),dzierżoniowski,02
0808022,Łagów (2),świebodziński,08
2604073,Łagów (3),kielecki,26
1607042,Łambinowice (2),nyski,16
1002072,Łanięta (2),kutnowski,10
1810011,Łańcut (1),łańcucki,18
1810042,Łańcut (2),łańcucki,18
1201052,Łapanów (2),bocheński,12
1211082,Łapsze Niżne (2),nowotarski,12
2002063,Łapy (3),białostocki,20
0406033,Łasin (3),grudziądzki,04
1003023,Łask (3),łaski,10
1403021,Łaskarzew (1),garwoliński,14
1403062,Łaskarzew (2),garwoliński,14
0618063,Łaszczów (3),tomaszowski,06
0612042,Łaziska (2),opolski,06
2408011,Łaziska Górne (1),mikołowski,24
2416053,Łazy (3),zawierciański,24
1419072,Łąck (2),płocki,14
1210092,Łącko (2),nowosądecki,12
2610032,Łączna (2),skarżyski,26
2208021,Łeba (1),lęborski,22
0610033,Łęczna (3),łęczyński,06
1004011,Łęczyca (1),łęczycki,10
1004052,Łęczyca (2),łęczycki,10
2215082,Łęczyce (2),wejherowski,22
3008042,Łęka Opatowska (2),kępiński,30
2417072,Łękawica (2),żywiecki,24
1010052,Łęki Szlacheckie (2),piotrkowski,10
0811011,Łęknica (1),żarski,08
3218023,Łobez (3),łobeski,32
3019043,Łobżenica (3),pilski,30
1433053,Łochów (3),węgrowski,14
2417082,Łodygowice (2),żywiecki,24
0601092,Łomazy (2),bialski,06
1432053,Łomianki (3),warszawski,14
2062011,Łomża (1),m.Łomża,20
2007022,Łomża (2),łomżyński,20
2609052,Łoniów (2),sandomierski,26
0606072,Łopiennik Górny (2),krasnostawski,06
2604083,Łopuszno (2),kielecki,26
1410023,Łosice (3),łosicki,14
1210102,Łososina Dolna (2),nowosądecki,12
1005011,Łowicz (1),łowicki,10
1005072,Łowicz (2),łowicki,10
1061011,Łódź (1),m.Łódź,10
0415052,Łubianka (2),toruński,04
1609052,Łubniany (2),opolski,16
1018052,Łubnice (2),wieruszowski,10
2612022,Łubnice (2),staszowski,26
3003062,Łubowo (2),gnieźnieński,30
0602092,Łukowa (2),biłgorajski,06
1207082,Łukowica (2),limanowski,12
0611011,Łuków (1),łukowski,06
0611052,Łuków (2),łukowski,06
2815042,Łukta (2),ostródzki,28
1205062,Łużna (2),gorlicki,12
1415072,Łyse (2),ostrołęcki,14
0415062,Łysomice (2),toruński,04
1005082,Łyszkowice (2),łowicki,10
1465011,M.st.Warszawa od 2002 (1),m.,14
1403073,Maciejowice (2),garwoliński,14
1407063,Magnuszew (2),kozienicki,14
1806032,Majdan Królewski (2),kolbuszowski,18
1015062,Maków (2),skierniewicki,10
1411011,Maków Mazowiecki (1),makowski,14
1215063,Maków Podhalański (3),suski,12
3027052,Malanów (2),turecki,30
2209011,Malbork (1),malborski,22
2209042,Malbork (2),malborski,22
0218022,Malczyce (2),średzki,02
3213042,Malechowo (2),sławieński,32
1419082,Mała Wieś (2),płocki,14
2815052,Małdyty (2),ostródzki,28
1416052,Małkinia Górna (2),ostrowski,14
2602033,Małogoszcz (3),jędrzejowski,26
0810053,Małomice (3),żagański,08
2006042,Mały Płock (2),kolneński,20
3209042,Manowo (2),koszaliński,32
0219052,Marcinowice (2),świdnicki,02
0207042,Marciszów (2),kamiennogórski,02
3001043,Margonin (3),chodzieski,30
3214082,Marianowo (2),stargardzki,32
1434021,Marki (1),wołomiński,14
2415082,Marklowice (2),wodzisławski,24
1810052,Markowa (2),łańcucki,18
2804042,Markusy (2),elbląski,28
0614072,Markuszów (2),puławski,06
1012102,Masłowice (2),radomszczański,10
2604092,Masłów (2),kielecki,26
0802072,Maszewo (2),krośnieński,08
3204033,Maszewo (3),goleniowski,32
1813062,Medyka (2),przemyski,18
0617022,Mełgiew (2),świdnicki,06
0205032,Męcinka (2),jaworski,02
1204042,Mędrzechów (2),dąbrowski,12
3019053,Miasteczko Krajeńskie (2),pilski,30
2413021,Miasteczko Śląskie (1),tarnogórski,24
2201063,Miastko (3),bytowski,22
2007032,Miastkowo (2),łomżyński,20
1403082,Miastków Kościelny (2),garwoliński,14
0620062,Miączyn (2),zamojski,06
1206082,Michałowice (2),krakowski,12
1421042,Michałowice (2),pruszkowski,14
2002073,Michałowo (3),białostocki,20
2608032,Michałów (2),pińczowski,26
0608082,Michów (2),lubartowski,06
1208053,Miechów (3),miechowski,12
2604102,Miedziana Góra (2),kielecki,26
3015032,Miedzichowo (2),nowotomyski,30
1433062,Miedzna (2),węgrowski,14
2410032,Miedźna (2),pszczyński,24
2406042,Miedźno (2),kłobucki,24
1807072,Miejsce Piastowe (2),krośnieński,18
3022033,Miejska Górka (3),rawicki,30
1811011,Mielec (1),mielecki,18
1811052,Mielec (2),mielecki,18
3003072,Mieleszyn (2),gnieźnieński,30
2010052,Mielnik (2),siemiatycki,20
3209053,Mielno (3),koszaliński,32
0221063,Mieroszów (3),wałbrzyski,02
2401052,Mierzęcice (2),będziński,24
3206053,Mieszkowice (3),gryfiński,32
3028043,Mieścisko (2),wągrowiecki,30
0223062,Mietków (2),wrocławski,02
0214053,Międzybórz (3),oleśnicki,02
3014033,Międzychód (3),międzychodzki,30
0208103,Międzylesie (3),kłodzki,02
0601011,Międzyrzec Podlaski (1),bialski,06
0601102,Międzyrzec Podlaski (2),bialski,06
0803023,Międzyrzecz (3),międzyrzecki,08
3207043,Międzyzdroje (3),kamieński,32
0218033,Miękinia (2),średzki,02
2810023,Mikołajki (3),mrągowski,28
2216022,Mikołajki Pomorskie (2),sztumski,22
2408021,Mikołów (1),mikołowski,24
3018063,Mikstat (3),ostrzeszowski,30
0613032,Milanów (2),parczewski,06
1405011,Milanówek (1),grodziski,14
2010062,Milejczyce (2),siemiatycki,20
2804052,Milejewo (2),elbląski,28
0610042,Milejów (2),łęczyński,06
0213033,Milicz (3),milicki,02
2417092,Milówka (2),żywiecki,24
2815063,Miłakowo (3),ostródzki,28
2806062,Miłki (2),giżycki,28
0209062,Miłkowice (2),legnicki,02
2815073,Miłomłyn (3),ostródzki,28
2209062,Miłoradz (2),malborski,22
3030023,Miłosław (3),wrzesiński,30
1412011,Mińsk Mazowiecki (1),miński,14
1412112,Mińsk Mazowiecki (2),miński,14
0604052,Mircze (2),hrubieszowski,06
3217033,Mirosławiec (3),wałecki,32
1430032,Mirów (2),szydłowiecki,14
0212043,Mirsk (3),lwówecki,02
2611032,Mirzec (2),starachowicki,26
1413011,Mława (1),mławski,14
1428042,Młodzieszyn (2),sochaczewski,14
2804063,Młynary (3),elbląski,28
1411052,Młynarze (2),makowski,14
2604112,Mniów (2),kielecki,26
1007032,Mniszków (2),opoczyński,10
1427032,Mochowo (2),sierpecki,14
0605063,Modliborzyce (3),janowski,06
1406073,Mogielnica (3),grójecki,14
1206092,Mogilany (2),krakowski,12
0409033,Mogilno (3),mogileński,04
1426042,Mokobody (2),siedlecki,14
1017042,Mokrsko (2),wieluński,10
2008063,Mońki (3),moniecki,20
2604123,Morawica (3),kielecki,26
2815083,Morąg (3),ostródzki,28
1426053,Mordy (3),siedlecki,14
3206063,Moryń (3),gryfiński,32
2214032,Morzeszczyn (2),tczewski,22
3021103,Mosina (3),poznański,30
2613032,Moskorzew (2),włoszczowski,26
1010062,Moszczenica (2),piotrkowski,10
1205072,Moszczenica (2),gorlicki,12
2810011,Mrągowo (1),mrągowski,28
2810032,Mrągowo (2),mrągowski,28
0410023,Mrocza (3),nakielski,04
1412123,Mrozy (3),miński,14
2404102,Mstów (2),częstochowski,24
2415092,Mszana (2),wodzisławski,24
1207021,Mszana Dolna (1),limanowski,12
1207092,Mszana Dolna (2),limanowski,12
1438023,Mszczonów (3),żyrardowski,14
0205042,Mściwojów (2),jaworski,02
1218052,Mucharz (2),wadowicki,12
3021113,Murowana Goślina (3),poznański,30
1609062,Murów (2),opolski,16
1210113,Muszyna (3),nowosądecki,12
3007072,Mycielin (2),kaliski,30
2404112,Mykanów (2),częstochowski,24
0206072,Mysłakowice (2),karkonoski,02
2470011,Mysłowice (1),m.Mysłowice,24
2409011,Myszków (1),myszkowski,24
1415083,Myszyniec (3),ostrołęcki,14
1209033,Myślenice (3),myślenicki,12
3210043,Myślibórz (3),myśliborski,32
1421052,Nadarzyn (2),pruszkowski,14
2602042,Nagłowice (2),jędrzejowski,26
0410033,Nakło nad Notecią (3),nakielski,04
0614083,Nałęczów (3),puławski,06
1606023,Namysłów (3),namysłowski,16
2005082,Narew (2),hajnowski,20
2005092,Narewka (2),hajnowski,20
1809053,Narol (3),lubaczowski,18
1420072,Naruszewo (2),płoński,14
1414043,Nasielsk (3),nowodworski,14
1210122,Nawojowa (2),nowosądecki,12
3030033,Nekla (3),wrzesiński,30
2411062,Nędza (2),raciborski,24
2811043,Nidzica (3),nidzicki,28
1005092,Nieborów (2),łowicki,10
1819032,Niebylec (2),strzyżowski,18
3003082,Niechanowo (2),gnieźnieński,30
0204032,Niechlów (2),górowski,02
0609102,Niedrzwica Duża (2),lubelski,06
0608092,Niedźwiada (2),lubartowski,06
1207102,Niedźwiedź (2),limanowski,12
0810062,Niegosławice (2),żagański,08
2409032,Niegowa (2),myszkowski,24
0620072,Nielisz (2),zamojski,06
0609112,Niemce (2),lubelski,06
0202073,Niemcza (3),dzierżoniowski,02
1609073,Niemodlin (3),opolski,16
1219043,Niepołomice (3),wielicki,12
1408032,Nieporęt (2),legionowski,14
0401031,Nieszawa (1),aleksandrowski,04
1812053,Nisko (3),niżański,18
1806042,Niwiska (2),kolbuszowski,18
1009032,Nowa Brzeźnica (2),pajęczański,10
1820043,Nowa Dęba (3),tarnobrzeski,18
2206072,Nowa Karczma (2),kościerski,22
0208041,Nowa Ruda (1),kłodzki,02
0208112,Nowa Ruda (2),kłodzki,02
1808053,Nowa Sarzyna (3),leżajski,18
2604133,Nowa Słupia (3),kielecki,26
0804011,Nowa Sól (1),nowosolski,08
0804052,Nowa Sól (2),nowosolski,08
1428052,Nowa Sucha (2),sochaczewski,14
2208042,Nowa Wieś Lęborska (2),lęborski,22
0403052,Nowa Wieś Wielka (2),bydgoski,04
0414063,Nowe (3),świecki,04
1214033,Nowe Brzesko (3),proszowicki,12
0804063,Nowe Miasteczko (3),nowosolski,08
1420083,Nowe Miasto (2),płoński,14
2812011,Nowe Miasto Lubawskie (1),nowomiejski,28
2812052,Nowe Miasto Lubawskie (2),nowomiejski,28
1406083,Nowe Miasto nad Pilicą (3),grójecki,14
3025032,Nowe Miasto nad Wartą (2),średzki,30
1002082,Nowe Ostrowy (2),kutnowski,10
2013072,Nowe Piekuty (2),wysokomazowiecki,20
3017023,Nowe Skalmierzyce (3),ostrowski,30
3211033,Nowe Warpno (3),policki,32
2001052,Nowinka (2),augustowski,20
2604172,Nowiny (2),kielecki,26
0616032,Nowodwór (2),rycki,06
3204043,Nowogard (3),goleniowski,32
0201043,Nowogrodziec (3),bolesławiecki,02
2007043,Nowogród (3),łomżyński,20
0809053,Nowogród Bobrzański (3),zielonogórski,08
3210052,Nowogródek Pomorski (2),myśliborski,32
1006082,Nowosolna (2),łódzki,10
1419092,Nowy Duninów (2),płocki,14
2011062,Nowy Dwór (2),sokólski,20
2210023,Nowy Dwór Gdański (3),nowodworski,22
1414011,Nowy Dwór Mazowiecki (1),nowodworski,14
1015072,Nowy Kawęczyn (2),skierniewicki,10
2601033,Nowy Korczyn (3),buski,26
1262011,Nowy Sącz (1),m.Nowy,12
2209073,Nowy Staw (3),malborski,22
1211011,Nowy Targ (1),nowotarski,12
1211092,Nowy Targ (2),nowotarski,12
3015043,Nowy Tomyśl (3),nowotomyski,30
1201063,Nowy Wiśnicz (3),bocheński,12
1805072,Nowy Żmigród (2),jasielski,18
1802062,Nozdrzec (2),brzozowski,18
1416062,Nur (2),ostrowski,14
2010072,Nurzec-Stacja (2),siemiatycki,20
1607053,Nysa (3),nyski,16
3016013,Oborniki (3),obornicki,30
0220013,Oborniki Śląskie (3),trzebnicki,02
2609062,Obrazów (2),sandomierski,26
0415072,Obrowo (2),toruński,04
1424022,Obryte (2),pułtuski,14
3024011,Obrzycko (1),szamotulski,30
3024042,Obrzycko (2),szamotulski,30
0602102,Obsza (2),biłgorajski,06
1211102,Ochotnica Dolna (2),nowotarski,12
3017033,Odolanów (3),ostrowski,30
1423043,Odrzywół (2),przysuski,14
2416063,Ogrodzieniec (3),zawierciański,24
1402062,Ojrzeń (2),ciechanowski,14
3031053,Okonek (3),złotowski,30
2602052,Oksa (2),jędrzejowski,26
2813043,Olecko (3),olecki,28
1204052,Olesno (2),dąbrowski,12
1608033,Olesno (3),oleski,16
1809063,Oleszyce (3),lubaczowski,18
0214011,Oleśnica (1),oleśnicki,02
0214062,Oleśnica (2),oleśnicki,02
2612033,Oleśnica (3),staszowski,26
1212053,Olkusz (3),olkuski,12
1821042,Olszanica (2),leski,18
1410032,Olszanka (2),łosicki,14
1601062,Olszanka (2),brzeski,16
1415092,Olszewo-Borki (2),ostrołęcki,14
3009092,Olszówka (2),kolski,30
2862011,Olsztyn (1),m.Olsztyn,28
2404123,Olsztyn (2),częstochowski,24
2814093,Olsztynek (3),olsztyński,28
0210053,Olszyna (3),lubański,02
0215011,Oława (1),oławski,02
0215042,Oława (2),oławski,02
3015053,Opalenica (3),nowotomyski,30
2603043,Opatowiec (3),kazimierski,26
2406052,Opatów (2),kłobucki,24
2606043,Opatów (3),opatowski,26
3007083,Opatówek (3),kaliski,30
1402072,Opinogóra Górna (2),ciechanowski,14
1007043,Opoczno (3),opoczyński,10
1661011,Opole (1),m.Opole,16
0612053,Opole Lubelskie (3),opolski,06
1002092,Oporów (2),kutnowski,10
3023032,Orchowo (2),słupecki,30
2003062,Orla (2),bielski,20
1813072,Orły (2),przemyski,18
2809053,Orneta (3),lidzbarski,28
2408042,Ornontowice (2),mikołowski,24
1430042,Orońsko (2),szydłowiecki,14
2408031,Orzesze (1),mikołowski,24
2816023,Orzysz (3),piski,28
0414072,Osie (2),świecki,04
1417063,Osieck (2),otwocki,14
2213072,Osieczna (2),starogardzki,22
3013033,Osieczna (3),leszczyński,30
0201052,Osiecznica (2),bolesławiecki,02
0402082,Osiek (2),brodnicki,04
1213052,Osiek (2),oświęcimski,12
2213082,Osiek (2),starogardzki,22
2612043,Osiek (3),staszowski,26
1805082,Osiek Jasielski (2),jasielski,18
3009102,Osiek Mały (2),kolski,30
0403062,Osielsko (2),bydgoski,04
0411042,Osięciny (2),radziejowski,04
3204052,Osina (2),goleniowski,32
1017053,Osjaków (2),wieluński,10
2210032,Ostaszewo (2),nowodworski,22
1461011,Ostrołęka (1),m.Ostrołęka,14
3024053,Ostroróg (3),szamotulski,30
2607011,Ostrowiec Świętokrzyski (1),ostrowiecki,26
3023042,Ostrowite (2),słupecki,30
2815011,Ostróda (1),ostródzki,28
2815092,Ostróda (2),ostródzki,28
1815022,Ostrów (2),ropczycko-sędziszowski,18
0608103,Ostrów Lubelski (3),lubartowski,06
1416011,Ostrów Mazowiecka (1),ostrowski,14
1416072,Ostrów Mazowiecka (2),ostrowski,14
3017011,Ostrów Wielkopolski (1),ostrowski,30
3017042,Ostrów Wielkopolski (2),ostrowski,30
0608112,Ostrówek (2),lubartowski,06
1017062,Ostrówek (2),wieluński,10
3018073,Ostrzeszów (3),ostrzeszowski,30
0805033,Ośno Lubuskie (3),słubicki,08
1213011,Oświęcim (1),oświęcimski,12
1213062,Oświęcim (2),oświęcimski,12
1607063,Otmuchów (3),nyski,16
1417021,Otwock (1),otwocki,14
0804073,Otyń (3),nowosolski,08
1609083,Ozimek (3),opolski,16
1020021,Ozorków (1),zgierski,10
1020062,Ozorków (2),zgierski,10
2413062,Ożarowice (2),tarnogórski,24
2606053,Ożarów (3),opatowski,26
1432063,Ożarów Mazowiecki (3),warszawski,14
1008021,Pabianice (1),pabianicki,10
1008072,Pabianice (2),pabianicki,10
2601043,Pacanów (3),buski,26
1404032,Pacyna (2),gostyniński,14
1607073,Paczków (3),nyski,16
1811062,Padew Narodowa (2),mielecki,18
1009043,Pajęczno (3),pajęczański,10
3022042,Pakosław (2),rawicki,30
1607082,Pakosławice (2),nyski,16
0407073,Pakość (3),inowrocławski,04
1214042,Pałecznica (2),proszowicki,12
2406062,Panki (2),kłobucki,24
0404052,Papowo Biskupie (2),chełmiński,04
1426062,Paprotnia (2),siedlecki,14
1007052,Paradyż (2),opoczyński,10
2201072,Parchowo (2),bytowski,22
0613043,Parczew (3),parczewski,06
1403092,Parysów (2),garwoliński,14
1020073,Parzęczew (2),zgierski,10
2804073,Pasłęk (3),elbląski,28
2817043,Pasym (3),szczycieński,28
0205052,Paszowice (2),jaworski,02
1804062,Pawłosiów (2),jarosławski,18
2410042,Pawłowice (2),pszczyński,24
1603042,Pawłowiczki (2),kędzierzyńsko-kozielski,16
2611042,Pawłów (2),starachowicki,26
2407072,Pawonków (2),lubliniecki,24
1017072,Pątnów (2),wieluński,10
1209042,Pcim (2),myślenicki,12
2214043,Pelplin (3),tczewski,22
3202053,Pełczyce (3),choszczeński,32
2010082,Perlejewo (2),siemiatycki,20
3008052,Perzów (2),kępiński,30
0203052,Pęcław (2),głogowski,02
1011022,Pęczniew (2),poddębicki,10
3004042,Pępowo (2),gostyński,30
1418043,Piaseczno (3),piaseczyński,14
3004052,Piaski (2),gostyński,30
0617033,Piaski (3),świdnicki,06
1421011,Piastów (1),pruszkowski,14
1004063,Piątek (2),łęczycki,10
2007052,Piątnica (2),łomżyński,20
0206031,Piechowice (1),karkonoski,02
2810042,Piecki (2),mrągowski,28
2471011,Piekary Śląskie (1),m.Piekary,24
2604143,Piekoszów (2),kielecki,26
0226032,Pielgrzymka (2),złotoryjski,02
2802053,Pieniężno (3),braniewski,28
0225043,Pieńsk (3),zgorzelecki,02
2604153,Pierzchnica (3),kielecki,26
0202033,Pieszyce (3),dzierżoniowski,02
2411072,Pietrowice Wielkie (2),raciborski,24
1403103,Pilawa (3),garwoliński,14
2405042,Pilchowice (2),gliwicki,24
2416073,Pilica (3),zawierciański,24
1803063,Pilzno (3),dębicki,18
3019011,Piła (1),pilski,30
0202041,Piława Górna (1),dzierżoniowski,02
2608043,Pińczów (3),pińczowski,26
1425011,Pionki (1),radomski,14
1425082,Pionki (2),radomski,14
0411053,Piotrków Kujawski (3),radziejowski,04
1062011,Piotrków Trybunalski (1),m.Piotrków,10
2816033,Pisz (3),piski,28
0601113,Piszczac (2),bialski,06
1210133,Piwniczna-Zdrój (3),nowosądecki,12
1410042,Platerów (2),łosicki,14
0210062,Platerówka (2),lubański,02
3020063,Pleszew (3),pleszewski,30
1216042,Pleśna (2),tarnowski,12
2001062,Płaska (2),augustowski,20
1462011,Płock (1),m.Płock,14
1411062,Płoniawy-Bramura (2),makowski,14
1420011,Płońsk (1),płoński,14
1420092,Płońsk (2),płoński,14
2802062,Płoskinia (2),braniewski,28
2803052,Płośnica (2),działdowski,28
3205043,Płoty (3),gryficki,32
0417042,Płużnica (2),wąbrzeski,04
1406092,Pniewy (2),grójecki,14
3024063,Pniewy (3),szamotulski,30
3021123,Pobiedziska (3),poznański,30
2404132,Poczesna (2),częstochowski,24
1011033,Poddębice (3),poddębicki,10
0613052,Podedwórze (2),parczewski,06
1210142,Podegrodzie (2),nowosądecki,12
0206082,Podgórzyn (2),karkonoski,02
1405021,Podkowa Leśna (1),grodziski,14
3004063,Pogorzela (3),gostyński,30
1606032,Pokój (2),namysłowski,16
1424032,Pokrzywnica (2),pułtuski,14
0208051,Polanica-Zdrój (1),kłodzki,02
1213072,Polanka Wielka (2),oświęcimski,12
3209063,Polanów (3),koszaliński,32
3211043,Police (3),policki,32
1436022,Policzna (2),zwoleński,14
0216043,Polkowice (3),polkowicki,02
1603052,Polska Cerekiew (2),kędzierzyńsko-kozielski,16
3002062,Połajewo (2),czarnkowsko-trzcianecki,30
2612053,Połaniec (3),staszowski,26
3216033,Połczyn-Zdrój (3),świdwiński,32
1414052,Pomiechówek (2),nowodworski,14
0612063,Poniatowa (3),opolski,06
3004073,Poniec (3),gostyński,30
1609092,Popielów (2),opolski,16
2406072,Popów (2),kłobucki,24
2409042,Poraj (2),myszkowski,24
2402082,Porąbka (2),bielski,24
2416011,Poręba (1),zawierciański,24
1217052,Poronin (2),tatrzański,12
3213052,Postomino (2),sławieński,32
1007062,Poświętne (2),opoczyński,10
1434082,Poświętne (2),wołomiński,14
2002082,Poświętne (2),białostocki,20
2212072,Potęgowo (2),słupski,22
0602112,Potok Górny (2),biłgorajski,06
0605072,Potok Wielki (2),janowski,06
1423052,Potworów (2),przysuski,14
3023052,Powidz (2),słupecki,30
2819022,Pozezdrze (2),węgorzewski,28
3064011,Poznań (1),m.Poznań,30
2207043,Prabuty (3),kwidzyński,22
1608043,Praszka (3),oleski,16
1418052,Prażmów (2),piaseczyński,14
0209073,Prochowice (3),legnicki,02
1401022,Promna (2),białobrzeski,14
2805042,Prostki (2),ełcki,28
1214053,Proszowice (3),proszowicki,12
1609103,Prószków (3),opolski,16
1804073,Pruchnik (3),jarosławski,18
1610043,Prudnik (3),prudnicki,16
0220023,Prusice (3),trzebnicki,02
0414083,Pruszcz (2),świecki,04
2204011,Pruszcz Gdański (1),gdański,22
2204042,Pruszcz Gdański (2),gdański,22
1421021,Pruszków (1),pruszkowski,14
1422011,Przasnysz (1),przasnyski,14
1422072,Przasnysz (2),przasnyski,14
2203062,Przechlewo (2),człuchowski,22
1213082,Przeciszów (2),oświęcimski,12
1811073,Przecław (3),mielecki,18
1012113,Przedbórz (3),radomszczański,10
3009113,Przedecz (3),kolski,30
3212042,Przelewice (2),pyrzycki,32
3029012,Przemęt (2),wolsztyński,30
0216053,Przemków (3),polkowicki,02
1862011,Przemyśl (1),m.Przemyśl,18
1813082,Przemyśl (2),przemyski,18
2012042,Przerośl (2),suwalski,20
1426072,Przesmyki (2),siedlecki,14
0217032,Przeworno (2),strzeliński,02
1814011,Przeworsk (1),przeworski,18
1814062,Przeworsk (2),przeworski,18
0811072,Przewóz (2),żarski,08
2205032,Przodkowo (2),kartuski,22
3204062,Przybiernów (2),goleniowski,32
3017052,Przygodzice (2),ostrowski,30
3027062,Przykona (2),turecki,30
1436032,Przyłęk (2),zwoleński,14
2404143,Przyrów (2),częstochowski,24
2406082,Przystajń (2),kłobucki,24
1423063,Przysucha (3),przysuski,14
0803032,Przytoczna (2),międzyrzecki,08
2007062,Przytuły (2),łomżyński,20
1425093,Przytyk (2),radomski,14
2204052,Przywidz (2),gdański,22
2401062,Psary (2),będziński,24
0803042,Pszczew (2),międzyrzecki,08
2204062,Pszczółki (2),gdański,22
2410053,Pszczyna (3),pszczyński,24
2415011,Pszów (1),wodzisławski,24
0610052,Puchaczów (2),łęczyński,06
2211031,Puck (1),pucki,22
2211072,Puck (2),pucki,22
0614011,Puławy (1),puławski,06
0614092,Puławy (2),puławski,06
1424043,Pułtusk (3),pułtuski,14
2009042,Puńsk (2),sejneński,20
2814102,Purda (2),olsztyński,28
1438032,Puszcza Mariańska (2),żyrardowski,14
3021021,Puszczykowo (1),poznański,30
3212053,Pyrzyce (3),pyrzycki,32
2405021,Pyskowice (1),gliwicki,24
1818032,Pysznica (2),stalowowolski,18
3030043,Pyzdry (3),wrzesiński,30
1211112,Raba Wyżna (2),nowotarski,12
1211123,Rabka-Zdrój (3),nowotarski,12
0618072,Rachanie (2),tomaszowski,06
1420021,Raciąż (1),płoński,14
1420102,Raciąż (2),płoński,14
0401072,Raciążek (2),aleksandrowski,04
2411011,Racibórz (1),raciborski,24
1209052,Raciechowice (2),myślenicki,12
1208062,Racławice (2),miechowski,12
2012052,Raczki (2),suwalski,20
0620082,Radecznica (2),zamojski,06
1204062,Radgoszcz (2),dąbrowski,12
2613042,Radków (2),włoszczowski,26
0208123,Radków (3),kłodzki,02
2415021,Radlin (1),wodzisławski,24
1608052,Radłów (2),oleski,16
1216053,Radłów (3),tarnowski,12
1463011,Radom (1),m.Radom,14
0405052,Radomin (2),golubsko-dobrzyński,04
1012011,Radomsko (1),radomszczański,10
1012122,Radomsko (2),radomszczański,10
1818042,Radomyśl nad Sanem (2),stalowowolski,18
1811083,Radomyśl Wielki (3),mielecki,18
2605043,Radoszyce (3),konecki,26
3218032,Radowo Małe (2),łobeski,32
0216062,Radwanice (2),polkowicki,02
1804021,Radymno (1),jarosławski,18
1804082,Radymno (2),jarosławski,18
1419102,Radzanowo (2),płocki,14
1401032,Radzanów (2),białobrzeski,14
1413042,Radzanów (2),mławski,14
2417102,Radziechowy-Wieprz (2),żywiecki,24
1438042,Radziejowice (2),żyrardowski,14
0411011,Radziejów (1),radziejowski,04
0411062,Radziejów (2),radziejowski,04
1214062,Radziemice (2),proszowicki,12
2004032,Radziłów (2),grajewski,20
2413031,Radzionków (1),tarnogórski,24
1434093,Radzymin (3),wołomiński,14
0406043,Radzyń Chełmiński (3),grudziądzki,04
0615011,Radzyń Podlaski (1),radzyński,06
0615062,Radzyń Podlaski (2),radzyński,06
2417112,Rajcza (2),żywiecki,24
2004043,Rajgród (3),grajewski,20
3005043,Rakoniewice (3),grodziski,30
2604162,Raków (2),kielecki,26
1810062,Rakszawa (2),łańcucki,18
1806052,Raniżów (2),kolbuszowski,18
3017063,Raszków (3),ostrowski,30
1421062,Raszyn (2),pruszkowski,14
1013011,Rawa Mazowiecka (1),rawski,10
1013042,Rawa Mazowiecka (2),rawski,10
3022053,Rawicz (3),rawicki,30
3216042,Rąbino (2),świdwiński,32
3202063,Recz (3),choszczeński,32
2215011,Reda (1),wejherowski,22
1402082,Regimin (2),ciechanowski,14
1013052,Regnów (2),rawski,10
0603153,Rejowiec (3),chełmski,06
0603011,Rejowiec Fabryczny (1),chełmski,06
0603082,Rejowiec Fabryczny (2),chełmski,06
1603062,Reńska Wieś (2),kędzierzyńsko-kozielski,16
1429062,Repki (2),sokołowski,14
3218043,Resko (3),łobeski,32
2808053,Reszel (3),kętrzyński,28
3205072,Rewal (2),gryficki,32
1010072,Ręczno (2),piotrkowski,10
2404152,Rędziny (2),częstochowski,24
0412032,Rogowo (2),rypiński,04
0419052,Rogowo (2),żniński,04
3016023,Rogoźno (3),obornicki,30
1021052,Rogów (2),brzeziński,10
0406052,Rogóźno (2),grudziądzki,04
0407082,Rojewo (2),inowrocławski,04
1016072,Rokiciny (2),tomaszowski,10
1804092,Rokietnica (2),jarosławski,18
3021132,Rokietnica (2),poznański,30
0601122,Rokitno (2),bialski,06
1205082,Ropa (2),gorlicki,12
1815033,Ropczyce (3),ropczycko-sędziszowski,18
0601132,Rossosz (2),bialski,06
1427042,Rościszewo (2),sierpecki,14
3012052,Rozdrażew (2),krotoszyński,30
2817052,Rozogi (2),szczycieński,28
1010083,Rozprza (2),piotrkowski,10
1804102,Roźwienica (2),jarosławski,18
1411073,Różan (3),makowski,14
2816043,Ruciane-Nida (3),piski,28
2605052,Ruda Maleniecka (2),konecki,26
2472011,Ruda Śląska (1),m.Ruda,24
0603092,Ruda-Huta (2),chełmski,06
2003072,Rudka (2),bielski,20
0211032,Rudna (2),lubiński,02
0606092,Rudnik (2),krasnostawski,06
2411082,Rudnik (2),raciborski,24
1812063,Rudnik nad Sanem (3),niżański,18
1608062,Rudniki (2),oleski,16
2405052,Rudziniec (2),gliwicki,24
0209082,Ruja (2),legnicki,02
2215021,Rumia (1),wejherowski,22
1001062,Rusiec (2),bełchatowski,10
1423072,Rusinów (2),przysuski,14
2012062,Rutka-Tartak (2),suwalski,20
2014032,Rutki (2),zambrowski,20
0617042,Rybczewice (2),świdnicki,06
2473011,Rybnik (1),m.Rybnik,24
1428062,Rybno (2),sochaczewski,14
2803062,Rybno (2),działdowski,28
2804082,Rychliki (2),elbląski,28
3008063,Rychtal (2),kępiński,30
3010073,Rychwał (3),koniński,30
3016032,Ryczywół (2),obornicki,30
2415031,Rydułtowy (1),wodzisławski,24
3013043,Rydzyna (3),leszczyński,30
1216063,Ryglice (3),tarnowski,12
2207052,Ryjewo (2),kwidzyński,22
0616043,Ryki (3),rycki,06
1807083,Rymanów (3),krośnieński,18
3208052,Rymań (2),kołobrzeski,32
2806083,Ryn (3),giżycki,28
0417052,Ryńsk (2),wąbrzeski,04
0412011,Rypin (1),rypiński,04
0412042,Rypin (2),rypiński,04
1210152,Rytro (2),nowosądecki,12
2612062,Rytwiany (2),staszowski,26
1009052,Rząśnia (2),pajęczański,10
1435032,Rząśnik (2),wyszkowski,14
2203072,Rzeczenica (2),człuchowski,22
1409042,Rzeczniów (2),lipski,14
1016082,Rzeczyca (2),tomaszowski,10
1415102,Rzekuń (2),ostrołęcki,14
1216072,Rzepiennik Strzyżewski (2),tarnowski,12
0805043,Rzepin (3),słubicki,08
1863011,Rzeszów (1),m.Rzeszów,18
1411082,Rzewnie (2),makowski,14
1201072,Rzezawa (2),bocheński,12
3010082,Rzgów (2),koniński,30
1006103,Rzgów (3),łódzki,10
1429072,Sabnie (2),sokołowski,14
0410042,Sadki (2),nakielski,04
1013062,Sadkowice (2),rawski,10
2207062,Sadlinki (2),kwidzyński,22
2606062,Sadowie (2),opatowski,26
1433072,Sadowne (2),węgrowski,14
2609072,Samborzec (2),sandomierski,26
2609011,Sandomierz (1),sandomierski,26
1404043,Sanniki (3),gostyniński,14
1817011,Sanok (1),sanocki,18
1817052,Sanok (2),sanocki,18
0801062,Santok (2),gorzowski,08
1410052,Sarnaki (2),łosicki,14
0603102,Sawin (2),chełmski,06
2613052,Secemin (2),włoszczowski,26
2009011,Sejny (1),sejneński,20
2009052,Sejny (2),sejneński,20
0608122,Serniki (2),lubartowski,06
1408043,Serock (3),legionowski,14
0611062,Serokomla (2),łukowski,06
1003032,Sędziejowice (2),łaski,10
2602063,Sędziszów (3),jędrzejowski,26
1815043,Sędziszów Małopolski (3),ropczycko-sędziszowski,18
1205092,Sękowa (2),gorlicki,12
2801063,Sępopol (3),bartoszycki,28
0413023,Sępólno Krajeńskie (3),sępoleński,04
3209073,Sianów (3),koszaliński,32
0403072,Sicienko (2),bydgoski,04
2011072,Sidra (2),sokólski,20
0223083,Siechnice (3),wrocławski,02
1407072,Sieciechów (2),kozienicki,14
1464011,Siedlce (1),m.Siedlce,14
1426082,Siedlce (2),siedlecki,14
3029022,Siedlec (2),wolsztyński,30
0804082,Siedlisko (2),nowosolski,08
0603113,Siedliszcze (3),chełmski,06
0210072,Siekierczyn (2),lubański,02
2474011,Siemianowice Śląskie (1),m.Siemianowice,24
2010011,Siemiatycze (1),siemiatycki,20
2010092,Siemiatycze (2),siemiatycki,20
1437052,Siemiątkowo (2),żuromiński,14
0613062,Siemień (2),parczewski,06
1009062,Siemkowice (2),pajęczański,10
3208062,Siemyśl (2),kołobrzeski,32
1814073,Sieniawa (3),przeworski,18
1412133,Siennica (2),miński,14
0606102,Siennica Różana (2),krasnostawski,06
1409053,Sienno (2),lipski,14
1209062,Siepraw (2),myślenicki,12
1014011,Sieradz (1),sieradzki,10
1014082,Sieradz (2),sieradzki,10
2205042,Sierakowice (2),kartuski,22
3014043,Sieraków (3),międzychodzki,30
3017072,Sieroszewice (2),ostrowski,30
1427011,Sierpc (1),sierpecki,14
1427052,Sierpc (2),sierpecki,14
2401073,Siewierz (3),będziński,24
0620092,Sitno (2),zamojski,06
2603053,Skalbmierz (3),kazimierski,26
1206103,Skała (3),krakowski,12
1601022,Skarbimierz (2),brzeski,16
2213093,Skarszewy (3),starogardzki,22
1425103,Skaryszew (3),radomski,14
2610042,Skarżysko Kościelne (2),skarżyski,26
2610011,Skarżysko-Kamienna (1),skarżyski,26
1206113,Skawina (3),krakowski,12
0808032,Skąpe (2),świebodziński,08
0408073,Skępe (3),lipnowski,04
0620102,Skierbieszów (2),zamojski,06
1063011,Skierniewice (1),m.Skierniewice,10
1015082,Skierniewice (2),skierniewicki,10
2403103,Skoczów (3),cieszyński,24
3028053,Skoki (3),wągrowiecki,30
1805092,Skołyszyn (2),jasielski,18
1017082,Skomlin (2),wieluński,10
1607092,Skoroszyce (2),nyski,16
2213021,Skórcz (1),starogardzki,22
2213102,Skórcz (2),starogardzki,22
1426092,Skórzec (2),siedlecki,14
0412052,Skrwilno (2),rypiński,04
1216082,Skrzyszów (2),tarnowski,12
3010092,Skulsk (2),koniński,30
0803053,Skwierzyna (3),międzyrzecki,08
1208072,Słaboszów (2),miechowski,12
0812013,Sława (3),wschowski,08
0601142,Sławatycze (2),bialski,06
2401081,Sławków (1),będziński,24
3213021,Sławno (1),sławieński,32
1007072,Sławno (2),opoczyński,10
3213062,Sławno (2),sławieński,32
3216052,Sławoborze (2),świdwiński,32
1206123,Słomniki (3),krakowski,12
0807032,Słońsk (2),sulęciński,08
1207112,Słopnice (2),limanowski,12
1419112,Słubice (2),płocki,14
0805053,Słubice (3),słubicki,08
3023011,Słupca (1),słupecki,30
3023062,Słupca (2),słupecki,30
1015092,Słupia (2),skierniewicki,10
2602072,Słupia (2),jędrzejowski,26
2605062,Słupia Konecka (2),konecki,26
1419122,Słupno (2),płocki,14
2263011,Słupsk (1),m.Słupsk,22
2212082,Redzikowo (2),słupski,22
2213112,Smętowo Graniczne (2),starogardzki,22
2212092,Smołdzino (2),słupski,22
2605072,Smyków (2),konecki,26
1417072,Sobienie-Jeziory (2),otwocki,14
2602083,Sobków (2),jędrzejowski,26
1403112,Sobolew (2),garwoliński,14
0223073,Sobótka (3),wrocławski,02
1428011,Sochaczew (1),sochaczewski,14
1428072,Sochaczew (2),sochaczewski,14
1420113,Sochocin (2),płoński,14
1018062,Sokolniki (2),wieruszowski,10
1816113,Sokołów Małopolski (3),rzeszowski,18
1429011,Sokołów Podlaski (1),sokołowski,14
1429082,Sokołów Podlaski (2),sokołowski,14
2013082,Sokoły (2),wysokomazowiecki,20
2011083,Sokółka (3),sokólski,20
0403083,Solec Kujawski (3),bydgoski,04
1409063,Solec nad Wisłą (2),lipski,14
2601052,Solec-Zdrój (2),buski,26
1821052,Solina (2),leski,18
1435042,Somianka (2),wyszkowski,14
2205052,Somonino (2),kartuski,22
3010103,Sompolno (3),koniński,30
1402092,Sońsk (2),ciechanowski,14
2264011,Sopot (1),m.Sopot,22
2810052,Sorkwity (2),mrągowski,28
0613072,Sosnowica (2),parczewski,06
2475011,Sosnowiec (1),m.Sosnowiec,24
0601152,Sosnówka (2),bialski,06
2405063,Sośnicowice (3),gliwicki,24
3017082,Sośnie (2),ostrowski,30
0413032,Sośno (2),sępoleński,04
0610062,Spiczyn (2),łęczyński,06
1211132,Spytkowice (2),nowotarski,12
1218062,Spytkowice (2),wadowicki,12
2808062,Srokowo (2),kętrzyński,28
1818011,Stalowa Wola (1),stalowowolski,18
0611072,Stanin (2),łukowski,06
1412142,Stanisławów (2),miński,14
1419132,Stara Biała (2),płocki,14
1401042,Stara Błotnica (2),białobrzeski,14
3214092,Stara Dąbrowa (2),stargardzki,32
0206092,Stara Kamienica (2),karkonoski,02
2206082,Stara Kiszewa (2),kościerski,22
1410062,Stara Kornica (2),łosicki,14
2611011,Starachowice (1),starachowicki,26
2404162,Starcza (2),częstochowski,24
1432072,Stare Babice (2),warszawski,14
0221072,Stare Bogaczowice (2),wałbrzyski,02
3206072,Stare Czarnowo (2),gryfiński,32
2805052,Stare Juchy (2),ełcki,28
0806032,Stare Kurowo (2),strzelecko-drezdenecki,08
3010112,Stare Miasto (2),koniński,30
2209082,Stare Pole (2),malborski,22
3214011,Stargard (1),stargardzki,32
3214102,Stargard (2),stargardzki,32
2213031,Starogard Gdański (1),starogardzki,22
2213122,Starogard Gdański (2),starogardzki,22
1419142,Staroźreby (2),płocki,14
0619042,Stary Brus (2),włodawski,06
2216032,Stary Dzierzgoń (2),sztumski,22
1809072,Stary Dzików (2),lubaczowski,18
1416082,Stary Lubotyń (2),ostrowski,14
1210163,Stary Sącz (3),nowosądecki,12
2216042,Stary Targ (2),sztumski,22
0620112,Stary Zamość (2),zamojski,06
2612073,Staszów (3),staszowski,26
2814112,Stawiguda (2),olsztyński,28
2006053,Stawiski (3),kolneński,20
3007093,Stawiszyn (3),kaliski,30
2605083,Stąporków (3),konecki,26
2210042,Stegna (2),nowodworski,22
3204073,Stepnica (3),goleniowski,32
1429092,Sterdyń (2),sokołowski,14
3021143,Stęszew (3),poznański,30
0616052,Stężyca (2),rycki,06
2205062,Stężyca (2),kartuski,22
1433082,Stoczek (2),węgrowski,14
0611021,Stoczek Łukowski (1),łukowski,06
0611082,Stoczek Łukowski (2),łukowski,06
0404062,Stolno (2),chełmiński,04
2601063,Stopnica (3),buski,26
0224042,Stoszowice (2),ząbkowicki,02
1434102,Strachówka (2),wołomiński,14
2604182,Strawczyn (2),kielecki,26
1401052,Stromiec (2),białobrzeski,14
0208133,Stronie Śląskie (3),kłodzki,02
2403113,Strumień (3),cieszyński,24
1020083,Stryków (3),zgierski,10
1215072,Stryszawa (2),suski,12
1218072,Stryszów (2),wadowicki,12
3023072,Strzałkowo (2),słupecki,30
0219063,Strzegom (3),świdnicki,02
1413052,Strzegowo (2),mławski,14
1002102,Strzelce (2),kutnowski,10
0806043,Strzelce Krajeńskie (3),strzelecko-drezdenecki,08
1611053,Strzelce Opolskie (3),strzelecki,16
1009072,Strzelce Wielkie (2),pajęczański,10
1605033,Strzeleczki (2),krapkowicki,16
0217043,Strzelin (3),strzeliński,02
0409043,Strzelno (3),mogileński,04
0609122,Strzyżewice (2),lubelski,06
1819043,Strzyżów (3),strzyżowski,18
1813092,Stubno (2),przemyski,18
2201082,Studzienice (2),bytowski,22
1413062,Stupsk (2),mławski,14
2214052,Subkowy (2),tczewski,22
1215021,Sucha Beskidzka (1),suski,12
3214113,Suchań (3),stargardzki,32
2610053,Suchedniów (3),skarżyski,26
2011093,Suchowola (3),sokólski,20
1426102,Suchożebry (2),siedlecki,14
2204072,Suchy Dąb (2),gdański,22
3021152,Suchy Las (2),poznański,30
0809063,Sulechów (3),zielonogórski,08
1010093,Sulejów (3),piotrkowski,10
1412151,Sulejówek (1),miński,14
0807043,Sulęcin (3),sulęciński,08
2205072,Sulęczyno (2),kartuski,22
0225052,Sulików (2),zgorzelecki,02
3012011,Sulmierzyce (1),krotoszyński,30
1009082,Sulmierzyce (2),pajęczański,10
1209073,Sułkowice (3),myślenicki,12
1206132,Sułoszowa (2),krakowski,12
0620122,Sułów (2),zamojski,06
2002093,Supraśl (3),białostocki,20
2002103,Suraż (3),białostocki,20
0618082,Susiec (2),tomaszowski,06
2807063,Susz (3),iławski,28
2410062,Suszec (2),pszczyński,24
2063011,Suwałki (1),m.Suwałki,20
2012072,Suwałki (2),suwalski,20
3021163,Swarzędz (3),poznański,30
0214073,Syców (3),oleśnicki,02
1411092,Sypniewo (2),makowski,14
1019023,Szadek (3),zduńskowolski,10
1211142,Szaflary (2),nowotarski,12
3001053,Szamocin (3),chodzieski,30
3024073,Szamotuły (3),szamotulski,30
0607062,Szastarka (2),kraśnicki,06
0808042,Szczaniec (2),świebodziński,08
1207132,Szczawa (2),limanowski,12
1404052,Szczawin Kościelny (2),gostyniński,14
1211023,Szczawnica (3),nowotarski,12
0221031,Szczawno-Zdrój (1),wałbrzyski,02
0620133,Szczebrzeszyn (3),zamojski,06
3262011,Szczecin (1),m.Szczecin,32
3215011,Szczecinek (1),szczecinecki,32
3215062,Szczecinek (2),szczecinecki,32
2416083,Szczekociny (3),zawierciański,24
1001072,Szczerców (2),bełchatowski,10
1204073,Szczucin (3),dąbrowski,12
2004053,Szczuczyn (3),grajewski,20
1202072,Szczurowa (2),brzeski,12
1427062,Szczutowo (2),sierpecki,14
2402011,Szczyrk (1),bielski,24
0208143,Szczytna (3),kłodzki,02
3007102,Szczytniki (2),kaliski,30
2817011,Szczytno (1),szczycieński,28
2817062,Szczytno (2),szczycieński,28
1411102,Szelków (2),makowski,14
2215092,Szemud (2),wejherowski,22
2013093,Szepietowo (3),wysokomazowiecki,20
1216162,Szerzyny (2),tarnowski,12
0206041,Szklarska Poręba (1),karkonoski,02
0812023,Szlichtyngowa (3),wschowski,08
0810073,Szprotawa (3),żagański,08
1413072,Szreńsk (2),mławski,14
2001072,Sztabin (2),augustowski,20
2216053,Sztum (3),sztumski,22
2210052,Sztutowo (2),nowodworski,22
0410053,Szubin (3),nakielski,04
2011102,Szudziałowo (2),sokólski,20
1416092,Szulborze Wielkie (2),ostrowski,14
2014042,Szumowo (2),zambrowski,20
1430053,Szydłowiec (3),szydłowiecki,14
1413082,Szydłowo (2),mławski,14
3019062,Szydłowo (2),pilski,30
2612083,Szydłów (3),staszowski,26
2012082,Szypliszki (2),suwalski,20
0211043,Ścinawa (3),lubiński,02
2417122,Ślemień (2),żywiecki,24
3010123,Ślesin (3),koniński,30
0416052,Śliwice (2),tucholski,04
3011053,Śmigiel (3),kościański,30
2007072,Śniadowo (2),łomżyński,20
3026043,Śrem (3),śremski,30
0218043,Środa Śląska (3),średzki,02
3025043,Środa Wielkopolska (3),średzki,30
2814122,Świątki (2),olsztyński,28
1206143,Świątniki Górne (3),krakowski,12
0219011,Świdnica (1),świdnicki,02
0219072,Świdnica (2),świdnicki,02
0809072,Świdnica (2),zielonogórski,08
0617011,Świdnik (1),świdnicki,06
3216011,Świdwin (1),świdwiński,32
3216062,Świdwin (2),świdwiński,32
0219021,Świebodzice (1),świdnicki,02
0808053,Świebodzin (3),świebodziński,08
0414093,Świecie (3),świecki,04
0406062,Świecie nad Osą (2),grudziądzki,04
0402092,Świedziebnia (2),brodnicki,04
0414102,Świekatowo (2),świecki,04
0210021,Świeradów-Zdrój (1),lubański,02
1424052,Świercze (2),pułtuski,14
1606042,Świerczów (2),namysłowski,16
2413072,Świerklaniec (2),tarnogórski,24
2412052,Świerklany (2),rybnicki,24
0226043,Świerzawa (3),złotoryjski,02
3207052,Świerzno (2),kamieński,32
3209082,Świeszyno (2),koszaliński,32
3013052,Święciechowa (2),leszczyński,30
2813052,Świętajno (2),olecki,28
2817072,Świętajno (2),szczycieński,28
2476011,Świętochłowice (1),m.Świętochłowice,24
1816122,Świlcza (2),rzeszowski,18
1004072,Świnice Warckie (2),łęczycki,10
2417132,Świnna (2),żywiecki,24
3263011,Świnoujście (1),m.Świnoujście,32
1418063,Tarczyn (3),piaseczyński,14
2606072,Tarłów (2),opatowski,26
0618092,Tarnawatka (2),tomaszowski,06
1864011,Tarnobrzeg (1),m.Tarnobrzeg,18
0602123,Tarnogród (3),biłgorajski,06
1805112,Tarnowiec (2),jasielski,18
3021172,Tarnowo Podgórne (2),poznański,30
2413041,Tarnowskie Góry (1),tarnogórski,24
1263011,Tarnów (1),m.Tarnów,12
1216092,Tarnów (2),tarnowski,12
1609112,Tarnów Opolski (2),opolski,16
3031062,Tarnówka (2),złotowski,30
2214011,Tczew (1),tczewski,22
2214062,Tczew (2),tczewski,22
1436042,Tczów (2),zwoleński,14
0618102,Telatyn (2),tomaszowski,06
1428082,Teresin (2),sochaczewski,14
0601021,Terespol (1),bialski,06
0601162,Terespol (2),bialski,06
0602132,Tereszpol (2),biłgorajski,06
0408082,Tłuchowo (2),lipnowski,04
1434113,Tłuszcz (3),wołomiński,14
1209082,Tokarnia (2),myślenicki,12
2804093,Tolkmicko (3),elbląski,28
0618011,Tomaszów Lubelski (1),tomaszowski,06
0618112,Tomaszów Lubelski (2),tomaszowski,06
1016011,Tomaszów Mazowiecki (1),tomaszowski,10
1016092,Tomaszów Mazowiecki (2),tomaszowski,10
1218082,Tomice (2),wadowicki,12
0411072,Topólka (2),radziejowski,04
0463011,Toruń (1),m.Toruń,04
0807053,Torzym (3),sulęciński,08
2405073,Toszek (3),gliwicki,24
0617052,Trawniki (2),świdnicki,06
2204082,Trąbki Wielkie (2),gdański,22
1403122,Trojanów (2),garwoliński,14
1415112,Troszyn (2),ostrołęcki,14
1814082,Tryńcza (2),przeworski,18
1201082,Trzciana (2),bocheński,12
3002073,Trzcianka (3),czarnkowsko-trzcianecki,30
2008072,Trzcianne (2),moniecki,20
0803063,Trzciel (3),międzyrzecki,08
3008072,Trzcinica (2),kępiński,30
3206083,Trzcińsko-Zdrój (3),gryfiński,32
3205083,Trzebiatów (3),gryficki,32
0809082,Trzebiechów (2),zielonogórski,08
0811082,Trzebiel (2),żarski,08
2201092,Trzebielino (2),bytowski,22
0611092,Trzebieszów (2),łukowski,06
1203053,Trzebinia (3),chrzanowski,12
0220033,Trzebnica (3),trzebnicki,02
1816132,Trzebownisko (2),rzeszowski,18
3003093,Trzemeszno (3),gnieźnieński,30
0604062,Trzeszczany (2),hrubieszowski,06
1212062,Trzyciąż (2),olkuski,12
0607072,Trzydnik Duży (2),kraśnicki,06
0416063,Tuchola (3),tucholski,04
2201102,Tuchomie (2),bytowski,22
1216103,Tuchów (3),tarnowski,12
2601072,Tuczępy (2),buski,26
0601172,Tuczna (2),bialski,06
3217043,Tuczno (3),wałecki,32
3027073,Tuliszków (3),turecki,30
1609123,Tułowice (3),opolski,16
0811092,Tuplice (2),żarski,08
1609132,Turawa (2),opolski,16
3027011,Turek (1),turecki,30
3027082,Turek (2),turecki,30
0602143,Turobin (2),biłgorajski,06
2006062,Turośl (2),kolneński,20
2002112,Turośń Kościelna (2),białostocki,20
1811092,Tuszów Narodowy (2),mielecki,18
1006113,Tuszyn (3),łódzki,10
0214083,Twardogóra (3),oleśnicki,02
2413082,Tworóg (2),tarnogórski,24
3201043,Tychowo (3),białogardzki,32
2477011,Tychy (1),m.Tychy,24
1816143,Tyczyn (3),rzeszowski,18
2002123,Tykocin (3),białostocki,20
1207122,Tymbark (2),limanowski,12
1817062,Tyrawa Wołoska (2),sanocki,18
0618123,Tyszowce (3),tomaszowski,06
0604072,Uchanie (2),hrubieszowski,06
0218052,Udanin (2),średzki,02
1016103,Ujazd (2),tomaszowski,10
1611063,Ujazd (3),strzelecki,16
2417142,Ujsoły (2),żywiecki,24
3019073,Ujście (3),pilski,30
0615072,Ulan-Majorat (2),radzyński,06
1812073,Ulanów (3),niżański,18
0618132,Ulhówek (2),tomaszowski,06
0616062,Ułęż (2),rycki,06
1011043,Uniejów (3),poddębicki,10
0404072,Unisław (2),chełmiński,04
0619052,Urszulin (2),włodawski,06
0607083,Urzędów (3),kraśnicki,06
2212011,Ustka (1),słupski,22
2212102,Ustka (2),słupski,22
3208072,Ustronie Morskie (2),kołobrzeski,32
2403021,Ustroń (1),cieszyński,24
1801083,Ustrzyki Dolne (3),bieszczadzki,18
1205102,Uście Gorlickie (2),gorlicki,12
0608132,Uścimów (2),lubartowski,06
1218093,Wadowice (3),wadowicki,12
1811102,Wadowice Górne (2),mielecki,18
0401082,Waganiec (2),aleksandrowski,04
1605042,Walce (2),krapkowicki,16
0221082,Walim (2),wałbrzyski,02
0265011,Wałbrzych od 2013 (1),m.Wałbrzych,02
3217011,Wałcz (1),wałecki,32
3217052,Wałcz (2),wałecki,32
3028062,Wapno (2),wągrowiecki,30
1406113,Warka (3),grójecki,14
0414112,Warlubie (2),świecki,04
3212062,Warnice (2),pyrzycki,32
1014093,Warta (3),sieradzki,10
0201062,Warta Bolesławiecka (2),bolesławiecki,02
1011052,Wartkowice (2),poddębicki,10
2002133,Wasilków (3),białostocki,20
2607062,Waśniów (2),ostrowiecki,26
0417011,Wąbrzeźno (1),wąbrzeski,04
2611053,Wąchock (3),starachowicki,26
0205062,Wądroże Wielkie (2),jaworski,02
3028011,Wągrowiec (1),wągrowiecki,30
3028072,Wągrowiec (2),wągrowiecki,30
0412062,Wąpielsk (2),rypiński,04
1416102,Wąsewo (2),ostrowski,14
2004062,Wąsosz (2),grajewski,20
0204043,Wąsosz (3),górowski,02
0614103,Wąwolnica (2),puławski,06
2215031,Wejherowo (1),wejherowski,22
2215102,Wejherowo (2),wejherowski,22
0604082,Werbkowice (2),hrubieszowski,06
2417152,Węgierska Górka (2),żywiecki,24
0225063,Węgliniec (3),zgorzelecki,02
2819033,Węgorzewo (3),węgorzewski,28
3218053,Węgorzyno (3),łobeski,32
1433011,Węgrów (1),węgrowski,14
1417082,Wiązowna (2),otwocki,14
1804112,Wiązownica (2),jarosławski,18
0217053,Wiązów (3),strzeliński,02
2208052,Wicko (2),lęborski,22
1003042,Widawa (2),łaski,10
3206092,Widuchowa (2),gryfiński,32
1413092,Wieczfnia Kościelna (2),mławski,14
2817083,Wielbark (3),szczycieński,28
3002083,Wieleń (3),czarnkowsko-trzcianecki,30
0408092,Wielgie (2),lipnowski,04
1012132,Wielgomłyny (2),radomszczański,10
3005053,Wielichowo (3),grodziski,30
1219053,Wieliczka (3),wielicki,12
2813062,Wieliczki (2),olecki,28
1408052,Wieliszew (2),legionowski,14
0415082,Wielka Nieszawka (2),toruński,04
1206152,Wielka Wieś (2),krakowski,12
1809082,Wielkie Oczy (2),lubaczowski,18
1815052,Wielopole Skrzyńskie (2),ropczycko-sędziszowski,18
2405082,Wielowieś (2),gliwicki,24
1017093,Wieluń (3),wieluński,10
1423082,Wieniawa (2),przysuski,14
1218102,Wieprz (2),wadowicki,12
1018073,Wieruszów (3),wieruszowski,10
0603122,Wierzbica (2),chełmski,06
1425112,Wierzbica (2),radomski,14
3010132,Wierzbinek (2),koniński,30
1433092,Wierzbno (2),węgrowski,14
1017102,Wierzchlas (2),wieluński,10
1216112,Wierzchosławice (2),tarnowski,12
3203052,Wierzchowo (2),drawski,32
1216122,Wietrzychowice (2),tarnowski,12
0413043,Więcbork (3),sępoleński,04
3013062,Wijewo (2),leszczyński,30
2402093,Wilamowice (3),bielski,24
2802072,Wilczęta (2),braniewski,28
2609082,Wilczyce (2),sandomierski,26
3010142,Wilczyn (2),koniński,30
1403132,Wilga (2),garwoliński,14
0607092,Wilkołaz (2),kraśnicki,06
2402102,Wilkowice (2),bielski,24
0612072,Wilków (2),opolski,06
1606052,Wilków (2),namysłowski,16
1424062,Winnica (2),pułtuski,14
0222022,Wińsko (2),wołowski,02
1438053,Wiskitki (2),żyrardowski,14
2403031,Wisła (1),cieszyński,24
0220042,Wisznia Mała (2),trzebnicki,02
0601182,Wisznice (2),bialski,06
2601083,Wiślica (3),buski,26
1426112,Wiśniew (2),siedlecki,14
1413102,Wiśniewo (2),mławski,14
1209092,Wiśniowa (2),myślenicki,12
1819052,Wiśniowa (2),strzyżowski,18
3003103,Witkowo (3),gnieźnieński,30
0801073,Witnica (3),gorzowski,08
1004082,Witonia (2),łęczycki,10
2007082,Wizna (2),łomżyński,20
2012092,Wiżajny (2),suwalski,20
0212053,Wleń (3),lwówecki,02
2211043,Władysławowo (3),pucki,22
3027092,Władysławów (2),turecki,30
0464011,Włocławek (1),m.Włocławek,04
0418132,Włocławek (2),włocławski,04
0619011,Włodawa (1),włodawski,06
0619062,Włodawa (2),włodawski,06
2416093,Włodowice (2),zawierciański,24
3013072,Włoszakowice (2),leszczyński,30
2613063,Włoszczowa (3),włoszczowski,26
1426122,Wodynie (2),siedlecki,14
1003052,Wodzierady (2),łaski,10
2602093,Wodzisław (2),jędrzejowski,26
2415041,Wodzisław Śląski (1),wodzisławski,24
0615082,Wohyń (2),radzyński,06
1807092,Wojaszówka (2),krośnieński,18
2606082,Wojciechowice (2),opatowski,26
0609132,Wojciechów (2),lubelski,06
0611102,Wojcieszków (2),łukowski,06
0226011,Wojcieszów (1),złotoryjski,02
2401031,Wojkowice (1),będziński,24
1216133,Wojnicz (3),tarnowski,12
0603132,Wojsławice (2),chełmski,06
1010102,Wola Krzysztoporska (2),piotrkowski,10
0611112,Wola Mysłowska (2),łukowski,06
0619072,Wola Uhruska (2),włodawski,06
1425122,Wolanów (2),radomski,14
1010113,Wolbórz (3),piotrkowski,10
1212073,Wolbrom (3),olkuski,12
3207063,Wolin (3),kamieński,32
3029033,Wolsztyn (3),wolsztyński,30
1604043,Wołczyn (3),kluczborski,16
1434123,Wołomin (3),wołomiński,14
0222033,Wołów (3),wołowski,02
2407083,Woźniki (3),lubliniecki,24
0609142,Wólka (2),lubelski,06
2406092,Wręczyca Wielka (2),kłobucki,24
0264011,Wrocław (1),m.Wrocław,02
3024083,Wronki (3),szamotulski,30
1014102,Wróblew (2),sieradzki,10
3030053,Września (3),wrzesiński,30
0812033,Wschowa (3),wschowski,08
2806102,Wydminy (2),giżycki,28
0810082,Wymiarki (2),żagański,08
2408052,Wyry (2),mikołowski,24
0619082,Wyryki (2),włodawski,06
3019083,Wyrzysk (3),pilski,30
3019093,Wysoka (3),pilski,30
0609152,Wysokie (2),lubelski,06
2013011,Wysokie Mazowieckie (1),wysokomazowiecki,20
2013102,Wysokie Mazowieckie (2),wysokomazowiecki,20
2003082,Wyszki (2),bielski,20
1435053,Wyszków (3),wyszkowski,14
1419153,Wyszogród (3),płocki,14
1401063,Wyśmierzyce (3),białobrzeski,14
1206162,Zabierzów (2),krakowski,12
2002143,Zabłudów (3),białostocki,20
0809092,Zabór (2),zielonogórski,08
1435062,Zabrodzie (2),wyszkowski,14
2478011,Zabrze (1),m.Zabrze,24
1011062,Zadzim (2),poddębicki,10
2604192,Zagnańsk (2),kielecki,26
3023083,Zagórów (3),słupecki,30
1817073,Zagórz (3),sanocki,18
0226052,Zagrodno (2),złotoryjski,02
1216143,Zakliczyn (3),tarnowski,12
1818053,Zaklików (3),stalowowolski,18
1217011,Zakopane (1),tatrzański,12
1414063,Zakroczym (3),nowodworski,14
0609162,Zakrzew (2),lubelski,06
1425132,Zakrzew (2),radomski,14
0401092,Zakrzewo (2),aleksandrowski,04
3031072,Zakrzewo (2),złotowski,30
0607102,Zakrzówek (2),kraśnicki,06
0601192,Zalesie (2),bialski,06
1818062,Zaleszany (2),stalowowolski,18
2807073,Zalewo (3),iławski,28
1420122,Załuski (2),płoński,14
2014011,Zambrów (1),zambrowski,20
2014052,Zambrów (2),zambrowski,20
0664011,Zamość (1),m.Zamość,06
0620142,Zamość (2),zamojski,06
3025053,Zaniemyśl (2),średzki,30
1019032,Zapolice (2),zduńskowolski,10
1416112,Zaręby Kościelne (2),ostrowski,14
1817082,Zarszyn (2),sanocki,18
1814092,Zarzecze (2),przeworski,18
1213093,Zator (3),oświęcimski,12
1424072,Zatory (2),pułtuski,14
2002152,Zawady (2),białostocki,20
1611073,Zawadzkie (3),strzelecki,16
2609093,Zawichost (3),sandomierski,26
0225011,Zawidów (1),zgorzelecki,02
1427072,Zawidz (2),sierpecki,14
2416021,Zawiercie (1),zawierciański,24
1215082,Zawoja (2),suski,12
0220052,Zawonia (2),trzebnicki,02
1434031,Ząbki (1),wołomiński,14
0224053,Ząbkowice Śląskie (3),ząbkowicki,02
0808063,Zbąszynek (3),świebodziński,08
3015063,Zbąszyń (3),nowotomyski,30
0402102,Zbiczno (2),brodnicki,04
2213132,Zblewo (2),starogardzki,22
2007092,Zbójna (2),łomżyński,20
0405062,Zbójno (2),golubsko-dobrzyński,04
2413092,Zbrosławice (2),tarnogórski,24
1426132,Zbuczyn (2),siedlecki,14
1005102,Zduny (2),łowicki,10
3012063,Zduny (3),krotoszyński,30
1019011,Zduńska Wola (1),zduńskowolski,10
1019042,Zduńska Wola (2),zduńskowolski,10
1605053,Zdzieszowice (3),krapkowicki,16
2403122,Zebrzydowice (2),cieszyński,24
1001083,Zelów (3),bełchatowski,10
1215092,Zembrzyce (2),suski,12
1608072,Zębowice (2),oleski,16
1020031,Zgierz (1),zgierski,10
1020092,Zgierz (2),zgierski,10
0225021,Zgorzelec (1),zgorzelecki,02
0225072,Zgorzelec (2),zgorzelecki,02
0862011,Zielona Góra (1),m.Zielona,08
1434041,Zielonka (1),wołomiński,14
1206172,Zielonki (2),krakowski,12
0224063,Ziębice (3),ząbkowicki,02
0415092,Zławieś Wielka (2),toruński,04
3203063,Złocieniec (3),drawski,32
1014113,Złoczew (3),sieradzki,10
2608052,Złota (2),pińczowski,26
0407092,Złotniki Kujawskie (2),inowrocławski,04
0226021,Złotoryja (1),złotoryjski,02
0226062,Złotoryja (2),złotoryjski,02
3031011,Złotów (1),złotowski,30
3031082,Złotów (2),złotowski,30
0224073,Złoty Stok (3),ząbkowicki,02
0806052,Zwierzyn (2),strzelecko-drezdenecki,08
0620153,Zwierzyniec (3),zamojski,06
1436053,Zwoleń (3),zwoleński,14
1405062,Żabia Wola (2),grodziski,14
1216153,Żabno (3),tarnowski,12
0810021,Żagań (1),żagański,08
0810092,Żagań (2),żagański,08
2409053,Żarki (3),myszkowski,24
2416102,Żarnowiec (2),zawierciański,24
1007083,Żarnów (2),opoczyński,10
0219083,Żarów (3),świdnicki,02
0811021,Żary (1),żarski,08
0811102,Żary (2),żarski,08
1201092,Żegocina (2),bocheński,12
3007112,Żelazków (2),kaliski,30
1016112,Żelechlinek (2),tomaszowski,10
1403143,Żelechów (3),garwoliński,14
3006043,Żerków (3),jarociński,30
0220063,Żmigród (3),trzebnicki,02
0603142,Żmudź (2),chełmski,06
0419063,Żnin (3),żniński,04
1810072,Żołynia (2),łańcucki,18
2479011,Żory (1),m.Żory,24
0606112,Żółkiewka (2),krasnostawski,06
0223092,Żórawina (2),wrocławski,02
0203062,Żukowice (2),głogowski,02
2205083,Żukowo (3),kartuski,22
1813102,Żurawica (2),przemyski,18
1437063,Żuromin (3),żuromiński,14
1002113,Żychlin (3),kutnowski,10
1803072,Żyraków (2),dębicki,18
1438011,Żyrardów (1),żyrardowski,14
0614112,Żyrzyn (2),puławski,06
1012142,Żytno (2),radomszczański,10
2417011,Żywiec (1),żywiecki,24
0809102,Zielona Góra (2),zielonogórski,08
3203042,Ostrowice (2),drawski,32
